STATE_UT,DISTRICT,POPULATION,MALE_POPULATION,FEMALE_POPULATION,SEX_RATIO,LITERACY_RATE,FEMALE_LITERACY_RATE,URBAN_PERCENTAGE,AREA_SQ_KM,POPULATION_DENSITY,PER_CAPITA_INCOME_INR
Andhra Pradesh,Adilabad,2230968,1138830,1092138,959,64.79,54.9,32.63,10792,206.7,76205
Andhra Pradesh,Anantapur,1839459,946710,892749,943,63.24,57.49,29.59,1097,1676.8,82583
Andhra Pradesh,Chittoor,2249791,1169938,1079853,923,67.71,57.23,20.77,9825,229.0,111043
Andhra Pradesh,Cuddapah,1692450,874651,817799,935,64.24,52.58,26.61,1838,920.8,76762
Andhra Pradesh,East Godavari,2605489,1369148,1236341,903,68.84,60.55,37.87,5039,517.1,102716
Andhra Pradesh,Guntakal Rly.,2572928,1345673,1227255,912,67.95,57.06,30.87,8691,296.0,73861
Andhra Pradesh,Guntur,1490216,769342,720874,937,64.86,60.05,25.57,7919,188.2,92045
Andhra Pradesh,Hyderabad City,6165814,3163578,3002236,949,72.0,66.32,64.9,583,10576.0,171000
Andhra Pradesh,Karimnagar,2765978,1441364,1324614,919,64.37,54.54,23.54,5049,547.8,127652
Andhra Pradesh,Khammam,2231999,1167363,1064636,912,67.46,57.98,35.57,9491,235.2,84305
Andhra Pradesh,Krishna,1137780,588913,548867,932,64.69,53.15,36.16,4324,263.1,108610
Andhra Pradesh,Kurnool,1792137,915289,876848,958,70.32,62.65,25.34,3562,503.1,103247
Andhra Pradesh,Mahaboobnagar,1552934,820356,732578,893,66.2,60.45,38.31,6506,238.7,76431
Andhra Pradesh,Medak,1164809,609209,555600,912,63.88,54.86,34.67,5528,210.7,74871
Andhra Pradesh,Nalgonda,1766914,896910,870004,970,70.77,59.88,20.85,8872,199.2,110107
Andhra Pradesh,Nellore,2046546,1055464,991082,939,65.13,56.0,22.62,5669,361.0,97112
Andhra Pradesh,Nizamabad,2796868,1432088,1364780,953,67.0,61.57,36.8,10549,265.1,88261
Andhra Pradesh,Prakasham,2230109,1157896,1072213,926,67.87,62.65,34.15,6841,326.0,115631
Andhra Pradesh,Ranga Reddy,2034636,1037021,997615,962,63.16,51.73,36.2,10114,201.2,88778
Andhra Pradesh,Secunderabad Rly.,1184265,610445,573820,940,70.02,58.44,22.17,6243,189.7,75195
Andhra Pradesh,Srikakulam,2449083,1261763,1187320,941,66.8,58.4,25.34,10571,231.7,95368
Andhra Pradesh,Vijayawada,1461236,758689,702547,926,67.31,57.47,24.21,4291,340.5,127973
Andhra Pradesh,Vijayawada Rly.,2249780,1176663,1073117,912,63.97,58.17,26.63,7389,304.5,84366
Andhra Pradesh,Visakha Rural,1476391,756735,719656,951,63.57,54.52,24.7,10940,135.0,120249
Andhra Pradesh,Visakhapatnam,1207543,621803,585740,942,64.71,59.65,37.21,7195,167.8,98192
Andhra Pradesh,Vizianagaram,2492314,1260654,1231660,977,69.46,63.94,22.37,5627,442.9,95393
Andhra Pradesh,Warangal,1920644,992580,928064,935,70.87,66.08,27.78,4600,417.5,120365
Andhra Pradesh,West Godavari,1527581,803144,724437,902,64.52,56.93,28.12,3919,389.8,85488
Arunachal Pradesh,Changlang,380816,201170,179646,893,65.8,61.4,29.76,10163,37.5,126482
Arunachal Pradesh,Dibang Valley,381591,194987,186604,957,68.19,62.86,22.7,3193,119.5,94109
Arunachal Pradesh,Kameng East,164658,87259,77399,887,63.52,53.25,22.28,5537,29.7,125817
Arunachal Pradesh,Kameng West,398855,200429,198426,990,65.85,56.1,18.16,4123,96.7,126466
Arunachal Pradesh,Lohit,294795,155236,139559,899,61.86,53.19,22.94,10350,28.5,80223
Arunachal Pradesh,Papum Pare,390194,202277,187917,929,62.04,56.55,24.21,8362,46.7,84656
Arunachal Pradesh,Siang East,179971,92103,87868,954,66.16,57.2,21.79,7337,24.5,101048
Arunachal Pradesh,Siang Upper,383676,199002,184674,928,63.03,53.3,19.31,5232,73.3,109536
Arunachal Pradesh,Siang West,224999,117004,107995,923,61.98,54.31,29.75,11956,18.8,75425
Arunachal Pradesh,Subansiri Lower,203288,102774,100514,978,63.52,52.05,28.13,10647,19.1,92313
Arunachal Pradesh,Subansiri Upper,189436,96700,92736,959,66.29,54.39,25.02,887,213.6,117824
Arunachal Pradesh,Tawang,224844,117966,106878,906,66.71,55.2,17.88,2092,107.5,77351
Arunachal Pradesh,Tirap,288305,148994,139311,935,67.14,61.51,24.74,3756,76.8,99096
Assam,Barpeta,1655870,839265,816605,973,74.97,70.23,13.45,3898,424.8,71452
Assam,Bongaigaon,1508231,782683,725548,927,74.13,65.72,13.49,908,1661.0,75538
Assam,C.I.D.,1631417,847489,783928,925,75.43,67.07,16.93,7324,222.7,79691
Assam,Cachar,800190,416765,383425,920,74.57,63.68,17.47,3152,253.9,85473
Assam,Darrang,773072,388673,384399,989,74.44,63.37,13.31,7751,99.7,80059
Assam,Dhemaji,1682869,847792,835077,985,74.69,63.64,10.08,9049,186.0,90184
Assam,Dhubri,1683897,891894,792003,888,74.62,63.71,16.73,3788,444.5,116130
Assam,Dibrugarh,778905,394582,384323,974,69.98,59.45,13.76,4218,184.7,116584
Assam,G.R.P.,910355,478127,432228,904,68.39,62.84,12.65,10480,86.9,126362
Assam,Goalpara,967037,502617,464420,924,76.05,67.76,17.82,2091,462.5,126562
Assam,Golaghat,856424,446054,410370,920,75.9,69.78,10.79,5667,151.1,112777
Assam,Guwahati City,1005045,524553,480492,916,71.28,62.67,12.02,8738,115.0,71346
Assam,Hailakandi,1678132,873572,804560,921,72.51,62.75,16.15,8311,201.9,92010
Assam,Jorhat,736971,382246,354725,928,70.71,59.93,15.96,4163,177.0,88879
Assam,Kamrup,1109232,577725,531507,920,71.42,65.05,10.95,5508,201.4,124850
Assam,Karbi Anglong,1405049,713947,691102,968,70.61,62.23,9.87,4013,350.1,95753
Assam,Karimganj,1297983,676032,621951,920,73.44,65.72,13.61,3193,406.5,98221
Assam,Kokrajhar,1651298,849433,801865,944,68.88,60.76,15.22,4554,362.6,117900
Assam,Lakhimpur,1486251,772078,714173,925,73.58,67.78,11.55,1073,1385.1,85206
Assam,Morigaon,1182649,608045,574604,945,71.52,62.48,11.51,8599,137.5,99429
Assam,N.C.Hills,928382,480528,447854,932,73.45,69.41,16.22,9424,98.5,77325
Assam,Nagaon,1127660,572997,554663,968,72.34,67.94,11.98,10301,109.5,97268
Assam,Nalbari,1541558,772323,769235,996,73.54,61.64,14.91,11440,134.8,122061
Assam,R.P.O.,1333917,689719,644198,934,74.84,66.46,17.46,9128,146.1,98306
Assam,Sibsagar,945110,494821,450289,910,70.18,61.08,16.35,6638,142.4,106974
Assam,Sonitpur,962057,491346,470711,958,70.37,63.81,14.44,2349,409.6,84431
Assam,Tinsukia,1423344,730294,693050,949,73.85,69.34,13.32,6877,207.0,94949
Bihar,Araria,2178452,1151401,1027051,892,62.47,52.91,13.72,9374,232.4,92931
Bihar,Arwal,1635919,832105,803814,966,60.61,50.58,13.7,11478,142.5,95134
Bihar,Aurangabad,3638292,1907861,1730431,907,59.56,53.8,10.86,1125,3234.0,90409
Bihar,Bagaha,3453683,1789473,1664210,930,61.03,55.71,11.08,2229,1549.4,106718
Bihar,Banka,1692809,884435,808374,914,58.02,48.88,8.83,5971,283.5,74116
Bihar,Begusarai,2643580,1349453,1294127,959,59.49,52.88,13.07,5046,523.9,114114
Bihar,Bettiah,3866195,1993911,1872284,939,57.96,49.64,14.69,4719,819.3,108308
Bihar,Bhabhua,3729329,1912476,1816853,950,63.01,52.98,14.35,3032,1230.0,72411
Bihar,Bhagalpur,2031432,1033281,998151,966,62.31,56.57,12.65,9389,216.4,80813
Bihar,Bhojpur,3259568,1657969,1601599,966,63.78,58.86,13.46,11604,280.9,77411
Bihar,Buxar,1689331,877574,811757,925,65.47,58.3,12.76,1651,1023.2,110615
Bihar,Darbhanga,3313554,1678598,1634956,974,58.62,48.44,13.67,7524,440.4,78150
Bihar,Gaya,4276379,2199783,2076596,944,61.23,54.27,11.34,4621,925.4,119675
Bihar,Gopalganj,3840293,2003282,1837011,917,58.64,46.95,12.22,10081,380.9,111566
Bihar,Jamalpur Rly.,2795815,1446360,1349455,933,59.96,49.49,11.56,6215,449.8,96077
Bihar,Jamui,3593770,1916677,1677093,875,59.95,49.14,13.54,1770,2030.4,121502
Bihar,Jehanabad,2278431,1195399,1083032,906,60.83,56.6,13.68,2836,803.4,83340
Bihar,Katihar,3774147,1938442,1835705,947,60.52,49.48,12.66,3894,969.2,71828
Bihar,Katihar Rly.,4179768,2117410,2062358,974,61.71,51.64,12.59,8034,520.3,99226
Bihar,Khagaria,3760918,1918835,1842083,960,58.54,52.77,12.6,4229,889.3,104398
Bihar,Kishanganj,2897803,1514003,1383800,914,63.77,57.12,12.68,3834,755.8,85580
Bihar,Lakhisarai,1945770,1006085,939685,934,59.34,54.38,11.54,9336,208.4,81803
Bihar,Madhepura,2204238,1160125,1044113,900,65.61,57.41,9.83,1925,1145.1,82314
Bihar,Madhubani,2234204,1149873,1084331,943,59.24,55.13,11.53,3872,577.0,126784
Bihar,Motihari,3114069,1609337,1504732,935,64.75,56.82,13.83,7229,430.8,98005
Bihar,Munger,2809265,1457843,1351422,927,59.27,54.86,14.29,6150,456.8,118110
Bihar,Muzaffarpur,2701910,1370832,1331078,971,58.23,53.04,11.73,4202,643.0,127903
Bihar,Muzaffarpur Rly.,1939819,992234,947585,955,63.92,55.07,13.27,3327,583.1,101036
Bihar,Nalanda,2836389,1498356,1338033,893,65.72,59.28,12.12,7627,371.9,113435
Bihar,Naugachia,4178493,2135152,2043341,957,59.46,53.77,12.39,2559,1632.9,81157
Bihar,Nawadah,1822675,926626,896049,967,62.55,56.22,9.48,8717,209.1,111320
Bihar,Patna,2845884,1466950,1378934,940,63.3,51.91,13.25,7800,364.9,108937
Bihar,Patna Rly.,4140904,2165744,1975160,912,62.98,51.71,13.51,1599,2589.7,80707
Bihar,Purnea,2450551,1254120,1196431,954,63.79,55.24,9.87,2192,1118.0,110504
Bihar,Rohtas,3509280,1784077,1725203,967,61.75,57.11,8.18,5638,622.4,89622
Bihar,Saharsa,2295993,1190250,1105743,929,58.53,46.83,13.58,7242,317.0,125444
Bihar,Samastipur,4318845,2237743,2081102,930,58.12,48.07,11.1,8096,533.5,123466
Bihar,Saran,2110020,1097825,1012195,922,62.48,53.4,11.24,1821,1158.7,91083
Bihar,Sheikhpura,2519932,1315204,1204728,916,60.44,50.89,9.86,11386,221.3,117623
Bihar,Sheohar,3105260,1637795,1467465,896,61.44,54.92,10.1,11666,266.2,94287
Bihar,Sitamarhi,3009409,1522980,1486429,976,62.14,54.83,9.18,4851,620.4,114367
Bihar,Siwan,3308603,1708106,1600497,937,63.88,58.25,11.63,11189,295.7,96222
Bihar,Supaul,3505275,1763216,1742059,988,62.67,56.76,8.98,6969,503.0,102728
Bihar,Vaishali,1871664,942429,929235,986,65.74,54.44,11.04,2115,884.9,118682
Chhattisgarh,Balrampur,1043456,539811,503645,933,68.49,57.81,29.89,3529,295.7,102672
Chhattisgarh,Bilaspur,934406,489217,445189,910,73.67,65.6,28.48,10477,89.2,86996
Chhattisgarh,Bizapur,1320505,699049,621456,889,70.36,59.8,20.18,4143,318.7,104705
Chhattisgarh,Dantewara,1518957,771435,747522,969,70.22,65.03,23.74,4665,325.6,102709
Chhattisgarh,Dhamtari,1086258,566349,519909,918,67.81,58.23,24.2,3415,318.1,115456
Chhattisgarh,Durg,611464,314215,297249,946,72.26,62.62,27.53,5124,119.3,109080
Chhattisgarh,Grp Raipur,1349710,685479,664231,969,66.6,58.58,24.46,10540,128.1,121078
Chhattisgarh,Jagdalpur,988290,510480,477810,936,70.51,62.85,26.3,5391,183.3,108572
Chhattisgarh,Janjgir,716643,382209,334434,875,69.01,59.47,25.29,10339,69.3,119833
Chhattisgarh,Jashpur,1386375,710233,676142,952,69.34,62.81,26.24,9305,149.0,120975
Chhattisgarh,Kanker,604104,306340,297764,972,73.67,61.69,26.63,5660,106.7,76861
Chhattisgarh,Kawardha,1172060,599825,572235,954,73.28,65.73,25.9,10918,107.4,73871
Chhattisgarh,Korba,1326336,686154,640182,933,67.46,59.21,24.12,9676,137.1,80939
Chhattisgarh,Koriya,645019,328588,316431,963,73.27,64.31,19.59,11023,58.5,79407
Chhattisgarh,Mahasamund,1008092,519903,488189,939,66.38,55.94,28.78,8389,120.2,80254
Chhattisgarh,Raigarh,989643,505177,484466,959,69.06,60.36,25.13,5552,178.2,85505
Chhattisgarh,Raipur,1373038,705206,667832,947,70.17,64.27,24.2,7237,189.7,127833
Chhattisgarh,Rajnandgaon,850469,433249,417220,963,74.12,64.85,20.06,7138,119.1,110340
Chhattisgarh,Sarguja,1277435,647786,629649,972,70.27,59.04,20.22,9747,131.1,105852
Goa,North Goa,695194,356509,338685,950,89.79,80.82,68.83,8874,78.3,108823
Goa,South Goa,1049986,552043,497943,902,89.87,83.4,59.99,7291,144.0,112994
Gujarat,Ahmedabad Commr.,5041866,2652217,2389649,901,83.0,76.64,93.72,1184,4258.3,171000
Gujarat,Ahmedabad Rural,5437335,2774150,2663185,960,83.0,71.23,93.72,913,5955.5,171000
Gujarat,Ahwa-Dang,2799950,1427089,1372861,962,80.64,74.58,50.9,6196,451.9,117219
Gujarat,Amreli,2491134,1288739,1202395,933,81.7,76.57,54.52,10433,238.8,112530
Gujarat,Anand,2922893,1498919,1423974,950,81.74,71.3,39.17,9655,302.7,72043
Gujarat,Bharuch,2102658,1104337,998321,904,79.38,70.7,50.84,11331,185.6,77425
Gujarat,Bhavnagar,1542570,791061,751509,950,74.2,63.13,44.17,11050,139.6,83867
Gujarat,Dahod,1226951,624720,602231,964,76.42,69.15,33.39,11398,107.6,88598
Gujarat,Gandhinagar,2021355,1068934,952421,891,74.78,63.68,33.29,5880,343.8,109467
Gujarat,Himatnagar,2484809,1265177,1219632,964,79.94,74.7,40.42,1909,1301.6,99142
Gujarat,Jamnagar,1865014,965828,899186,931,81.61,77.35,39.29,5765,323.5,125431
Gujarat,Junagadh,2692582,1366792,1325790,970,78.36,66.54,38.99,5259,512.0,82069
Gujarat,Kheda North,1335995,680935,655060,962,80.78,73.14,46.76,7987,167.3,105287
Gujarat,Kutch,1149511,591312,558199,944,75.01,66.49,31.57,9369,122.7,83057
Gujarat,Mehsana,1509510,785793,723717,921,80.96,74.33,33.59,10885,138.7,71411
Gujarat,Narmada,2698051,1385036,1313015,948,76.01,70.61,46.72,1088,2479.8,72097
Gujarat,Navsari,2571471,1318703,1252768,950,75.9,69.31,34.27,1386,1855.3,113527
Gujarat,Palanpur,2083258,1074398,1008860,939,80.22,72.11,32.61,6442,323.4,125138
Gujarat,Panchmahal,1190225,622828,567397,911,80.27,69.33,43.15,5930,200.7,126199
Gujarat,Patan,1222527,638728,583799,914,79.49,71.57,53.07,1623,753.3,75855
Gujarat,Porbandar,2235350,1150463,1084887,943,74.53,68.33,46.0,6941,322.1,89785
Gujarat,Rajkot Commr.,9225153,4822348,4402805,913,83.0,74.16,93.72,373,24732.3,171000
Gujarat,Rajkot Rural,2408291,1245238,1163053,934,80.82,71.61,49.47,8873,271.4,83506
Gujarat,Surat Commr.,6713441,3455193,3258248,943,83.0,75.37,93.72,769,8730.1,171000
Gujarat,Surat Rural,1285908,655406,630502,962,77.41,68.09,39.39,2509,512.5,123860
Gujarat,Surendranagar,1234196,634548,599648,945,74.77,64.86,50.57,7031,175.5,104678
Gujarat,Vadodara Commr.,7222337,3742143,3480194,930,83.0,76.36,93.72,402,17966.0,171000
Gujarat,Vadodara Rural,1764156,919789,844367,918,80.94,71.17,54.57,7524,234.5,91293
Gujarat,Valsad,2179149,1144511,1034638,904,75.7,66.45,35.55,2012,1083.1,119436
Gujarat,W.Rly,1789987,921723,868264,942,80.46,69.7,54.73,9966,179.6,106223
Haryana,Ambala,1491238,781981,709257,907,71.81,60.38,41.8,3795,392.9,81533
Haryana,Bhiwani,1563238,809548,753690,931,71.65,60.69,36.29,5288,295.6,79336
Haryana,Faridabad,1479806,754618,725188,961,71.85,61.88,28.93,5502,269.0,90681
Haryana,Fatehabad,1164063,602517,561546,932,76.14,71.46,25.53,2562,454.4,106466
Haryana,Grp,1528762,805884,722878,897,73.78,64.48,34.6,5750,265.9,86820
Haryana,Gurgaon,1625931,829556,796375,960,73.87,64.44,34.62,8271,196.6,73838
Haryana,Hissar,1194316,610278,584038,957,76.39,72.33,30.74,3165,377.4,79072
Haryana,Jhajjar,1026623,529733,496890,938,77.58,72.17,32.39,8681,118.3,99764
Haryana,Jind,1720025,885697,834328,942,78.05,73.47,42.48,1273,1351.2,72318
Haryana,Kaithal,1825394,930848,894546,961,76.19,66.51,33.18,2089,873.8,72438
Haryana,Karnal,1109721,579488,530233,915,78.01,69.06,41.85,11101,100.0,76273
Haryana,Kurukshetra,1733381,893035,840346,941,75.79,68.62,30.93,4602,376.7,90234
Haryana,Mahendragarh,921759,467186,454573,973,75.68,70.77,35.11,10946,84.2,91164
Haryana,Panchkula,1592854,813095,779759,959,73.49,68.32,28.56,7546,211.1,114582
Haryana,Panipat,1506610,793788,712822,898,73.02,62.84,34.78,9249,162.9,114562
Haryana,Rewari,1258686,639576,619110,968,76.68,67.68,42.53,7824,160.9,79854
Haryana,Rohtak,801943,416593,385350,925,75.14,68.72,30.18,1429,561.2,100168
Haryana,Sirsa,1092489,565763,526726,931,78.25,73.64,42.53,10379,105.3,106305
Haryana,Sonipat,1328481,684078,644403,942,75.3,66.87,41.01,10833,122.6,96884
Haryana,Yamunanagar,1691779,877934,813845,927,75.41,70.2,25.73,1959,863.6,122500
Himachal Pradesh,Bilaspur,537759,279791,257968,922,84.51,76.47,8.04,3574,150.5,96202
Himachal Pradesh,Chamba,592470,307776,284694,925,81.78,75.52,9.45,4589,129.1,105329
Himachal Pradesh,G.R.P.,791859,408806,383053,937,83.98,79.45,7.57,8397,94.3,87446
Himachal Pradesh,Hamirpur,754528,395247,359281,909,85.79,79.12,10.5,2383,316.6,91189
Himachal Pradesh,Kangra,893587,471798,421789,894,84.39,77.25,10.57,11305,79.0,88896
Himachal Pradesh,Kinnaur,556707,285344,271363,951,84.16,73.53,11.43,8476,65.7,101254
Himachal Pradesh,Kullu,710234,374793,335441,895,82.19,75.3,9.18,2818,252.0,83458
Himachal Pradesh,Lahaul-Spiti,882170,458985,423185,922,79.9,75.28,12.07,1932,456.6,115189
Himachal Pradesh,Mandi,818018,421441,396577,941,85.87,81.57,9.02,9382,87.2,78719
Himachal Pradesh,Shimla,556730,283467,273263,964,84.97,74.5,7.99,5701,97.7,94668
Himachal Pradesh,Sirmaur,727526,367437,360089,980,80.7,73.15,8.71,9183,79.2,96838
Himachal Pradesh,Solan,646386,336134,310252,923,82.55,71.87,9.21,11407,56.7,127363
Himachal Pradesh,Una,605157,305326,299831,982,81.05,74.0,10.16,11622,52.1,117812
Jammu & Kashmir,Anantnag,812730,416357,396373,952,68.33,57.34,28.3,1949,417.0,119465
Jammu & Kashmir,Awantipora,841676,430745,410931,954,65.48,55.38,23.66,10939,76.9,79648
Jammu & Kashmir,Baramulla,601734,307634,294100,956,66.81,60.01,19.62,1396,431.0,99864
Jammu & Kashmir,Border,484751,250646,234105,934,71.16,64.16,19.64,11225,43.2,119083
Jammu & Kashmir,Budgam,724977,373122,351855,943,65.5,54.86,30.62,2354,308.0,111465
Jammu & Kashmir,Crime Jammu,608188,315777,292411,926,63.24,58.61,23.39,10151,59.9,102531
Jammu & Kashmir,Crime Srinagar,769796,399271,370525,928,65.5,59.09,19.97,5502,139.9,116502
Jammu & Kashmir,Doda,613125,316533,296592,937,64.09,52.85,28.99,984,623.1,100626
Jammu & Kashmir,Ganderbal,488324,249654,238670,956,68.12,62.2,26.03,8240,59.3,76129
Jammu & Kashmir,Jammu,913299,465968,447331,960,63.74,55.53,27.52,11869,76.9,102836
Jammu & Kashmir,Kargil,574463,301555,272908,905,71.05,65.02,19.45,9631,59.6,90903
Jammu & Kashmir,Kathua,773105,397279,375826,946,68.23,58.06,31.27,4524,170.9,73777
Jammu & Kashmir,Kulgam,664687,341565,323122,946,69.43,61.71,30.61,7875,84.4,117505
Jammu & Kashmir,Kupwara,384598,199791,184807,925,69.41,61.75,24.0,1290,298.1,82619
Jammu & Kashmir,Leh,372305,189275,183030,967,71.11,62.77,23.34,9236,40.3,82142
Jammu & Kashmir,Poonch,555045,288035,267010,927,69.45,58.52,24.64,2194,253.0,92227
Jammu & Kashmir,Pulwama,863902,446000,417902,937,66.29,54.5,27.34,6372,135.6,123935
Jammu & Kashmir,Railways,649179,344027,305152,887,69.61,59.79,20.48,7547,86.0,118123
Jammu & Kashmir,Rajouri,664375,343346,321029,935,68.49,62.04,29.09,5572,119.2,110566
Jammu & Kashmir,Ramban,551897,283169,268728,949,63.54,52.58,24.98,11979,46.1,86899
Jammu & Kashmir,Reasi,916415,470197,446218,949,68.3,61.39,32.35,8409,109.0,125558
Jammu & Kashmir,Srinagar,430812,222526,208286,936,68.06,57.81,19.75,1553,277.4,115625
Jammu & Kashmir,Udhampur,560470,292520,267950,916,68.04,58.61,34.78,4966,112.9,114745
Jharkhand,Bokaro,1643490,838087,805403,961,66.64,59.46,26.26,3595,457.2,77716
Jharkhand,Chaibasa,1869944,976472,893472,915,66.89,60.8,20.63,5798,322.5,128042
Jharkhand,Chatra,1239807,639075,600732,940,69.73,61.8,18.64,10351,119.8,97016
Jharkhand,Deoghar,2098150,1087687,1010463,929,67.86,57.1,21.49,4691,447.3,74951
Jharkhand,Dhanbad,1599039,822974,776065,943,69.53,58.72,27.16,11186,143.0,107598
Jharkhand,Dhanbad Rly.,1951174,1012544,938630,927,64.01,58.9,28.3,1094,1783.5,102829
Jharkhand,Dumka,1356475,699574,656901,939,68.83,60.42,25.72,1765,768.5,88879
Jharkhand,Garhwa,2239433,1157928,1081505,934,68.55,57.96,17.94,11690,191.6,107863
Jharkhand,Giridih,1469964,769614,700350,910,67.84,61.08,29.57,9538,154.1,107718
Jharkhand,Godda,1094748,556840,537908,966,69.69,65.25,18.67,2513,435.6,80635
Jharkhand,Gumla,1291725,667903,623822,934,68.07,61.3,30.48,10823,119.3,119468
Jharkhand,Hazaribagh,1190847,620556,570291,919,63.4,56.98,24.58,6428,185.3,80862
Jharkhand,Jamshedpur,2158249,1126434,1031815,916,63.63,54.36,27.29,7577,284.8,119274
Jharkhand,Jamshedpur Rly.,1629065,838859,790206,942,62.76,53.63,25.21,8092,201.3,114966
Jharkhand,Jamtara,1423221,735895,687326,934,67.51,59.53,25.94,4044,351.9,125779
Jharkhand,Koderma,1516122,776701,739421,952,64.78,60.2,17.74,5723,264.9,98852
Jharkhand,Latehar,1125632,591193,534439,904,67.25,60.75,27.26,9023,124.8,120314
Jharkhand,Lohardagga,2205523,1127567,1077956,956,66.89,60.34,23.62,3795,581.2,85381
Jharkhand,Pakur,975536,498485,477051,957,64.72,57.65,25.77,3580,272.5,120572
Jharkhand,Palamu,1063579,552795,510784,924,64.9,54.8,24.07,6564,162.0,99679
Jharkhand,Ranchi,1271956,645990,625966,969,62.59,51.03,24.18,11626,109.4,83513
Jharkhand,Sahebganj,1334053,678217,655836,967,69.46,60.23,23.67,6810,195.9,119538
Jharkhand,Saraikela,1443298,740532,702766,949,69.46,59.64,27.92,4898,294.7,94083
Jharkhand,Simdega,1638394,840202,798192,950,62.99,54.96,27.92,3932,416.7,127628
Karnataka,Bagalkot,2624817,1333071,1291746,969,72.35,60.55,36.24,9702,270.5,90577
Karnataka,Bangalore Commr.,9937111,5122222,4814889,940,80.4,72.33,85.14,875,11356.7,171000
Karnataka,Bangalore Rural,5357179,2785844,2571335,923,80.4,75.3,85.14,666,8043.8,171000
Karnataka,Belgaum,2201175,1154260,1046915,907,75.52,68.9,41.33,2620,840.1,127715
Karnataka,Bellary,2745604,1408724,1336880,949,73.79,67.1,46.32,6762,406.0,111648
Karnataka,Bidar,1844570,946418,898152,949,76.79,64.95,40.64,9723,189.7,112593
Karnataka,Bijapur,2640489,1376688,1263801,918,71.61,63.81,49.55,9568,276.0,115491
Karnataka,Chamarajnagar,2414150,1248267,1165883,934,72.76,63.73,41.48,10221,236.2,79673
Karnataka,Chickmagalur,2625490,1376764,1248726,907,71.65,60.06,29.64,1012,2594.4,89130
Karnataka,Chitradurga,1540434,798152,742282,930,77.6,66.24,47.36,9041,170.4,74800
Karnataka,Dakshin Kannada,1513069,789701,723368,916,73.06,66.46,42.47,6685,226.3,89133
Karnataka,Davanagere,1585023,809098,775925,959,74.23,64.05,43.83,8005,198.0,110768
Karnataka,Dharwad Commr.,8251642,4282118,3969524,927,80.4,74.86,85.14,558,14787.9,171000
Karnataka,Dharwad Rural,2374077,1217475,1156602,950,73.78,67.47,31.9,8695,273.0,89321
Karnataka,Gadag,1945046,969614,975432,1006,78.87,68.51,33.44,2164,898.8,109817
Karnataka,Gulbarga,2008373,1011774,996599,985,79.04,68.6,33.83,4021,499.5,111956
Karnataka,Hassan,1940045,1003125,936920,934,74.94,68.89,38.21,3063,633.4,101948
Karnataka,Haveri,3142699,1624133,1518566,935,76.33,67.64,32.72,8302,378.5,101519
Karnataka,K.G.F.,2537786,1316962,1220824,927,71.82,64.51,43.75,1926,1317.6,115183
Karnataka,Kodagu,1240621,658154,582467,885,74.66,63.18,47.49,6147,201.8,82618
Karnataka,Kolar,3206023,1668066,1537957,922,73.97,64.8,48.17,1801,1780.1,103975
Karnataka,Koppal,2327062,1205731,1121331,930,78.71,73.31,47.58,2768,840.7,123669
Karnataka,Mandya,3274202,1739746,1534456,882,74.58,66.62,48.84,11575,282.9,124034
Karnataka,Mysore Commr.,9618308,4877438,4740870,972,80.4,75.54,85.14,1478,6507.7,171000
Karnataka,Mysore Rural,1813351,934235,879116,941,79.31,70.96,38.56,11311,160.3,119760
Karnataka,Raichur,2189442,1126256,1063186,944,72.7,65.03,33.06,2885,758.9,113237
Karnataka,Railways,2851073,1461339,1389734,951,75.94,65.88,31.16,10388,274.5,122381
Karnataka,Shimoga,2925329,1516500,1408829,929,76.75,71.27,30.36,4424,661.2,85388
Karnataka,Tumkur,1764609,910530,854079,938,73.28,63.25,49.24,4181,422.1,112454
Karnataka,Udupi,1253443,653515,599928,918,71.9,66.95,34.21,5340,234.7,99893
Karnataka,Uttar Kannada,3064992,1606389,1458603,908,77.03,70.54,29.82,11060,277.1,88067
Kerala,Alapuzha,2915101,1501081,1414020,942,91.23,81.25,50.73,5457,534.2,102556
Kerala,Cbcid,2569987,1315917,1254070,953,94.3,84.99,39.64,3571,719.7,114270
Kerala,Ernakulam,3535524,1801082,1734442,963,95.63,91.01,49.54,1491,2371.2,102466
Kerala,Idukki,2653168,1358508,1294660,953,94.58,89.38,42.78,6627,400.4,77875
Kerala,Kannur,1932963,1001535,931428,930,94.08,83.61,46.37,6548,295.2,97287
Kerala,Kasargod,1578568,816219,762349,934,93.7,83.24,54.09,5234,301.6,117787
Kerala,Kollam,3229930,1670941,1558989,933,92.76,88.25,61.84,11267,286.7,75184
Kerala,Kottayam,3681061,1901374,1779687,936,90.25,82.98,55.4,9377,392.6,127014
Kerala,Kozhikode,2990113,1598136,1391977,871,93.06,82.1,59.34,5007,597.2,110165
Kerala,Malappuram,3028302,1531766,1496536,977,94.31,85.08,43.34,2798,1082.3,101873
Kerala,Palakkad,2709222,1398669,1310553,937,90.03,85.85,41.93,8343,324.7,102283
Kerala,Pathanamthitta,2716640,1413444,1303196,922,96.59,90.61,43.3,3887,698.9,124682
Kerala,Railways,3180057,1610971,1569086,974,93.35,83.22,58.68,975,3261.6,82996
Kerala,Thrissur,1682152,854317,827835,969,90.27,81.49,53.52,1345,1250.7,113460
Kerala,Trivandrum,2405436,1239276,1166160,941,96.91,92.46,47.81,4039,595.6,117749
Kerala,Wayanadu,3195641,1632928,1562713,957,92.55,83.77,52.64,4391,727.8,88450
Madhya Pradesh,Balaghat,1077727,558407,519320,930,67.7,63.21,35.03,10652,101.2,123209
Madhya Pradesh,Barwani,1777690,923475,854215,925,68.72,60.76,35.42,11345,156.7,109516
Madhya Pradesh,Betul,2009416,1041687,967729,929,66.49,59.48,31.81,6103,329.3,119662
Madhya Pradesh,Bhind,1306067,665342,640725,963,70.96,60.51,34.47,7098,184.0,126413
Madhya Pradesh,Bhopal,1678065,859664,818401,952,66.93,57.76,34.59,10287,163.1,76520
Madhya Pradesh,Bhopal Rly.,1920647,983434,937213,953,66.82,60.67,30.48,7552,254.3,121046
Madhya Pradesh,Chhatarpur,1142836,588484,554352,942,69.77,61.93,33.72,4529,252.3,125800
Madhya Pradesh,Chhindwara,892233,469843,422390,899,72.8,61.1,21.26,11995,74.4,98548
Madhya Pradesh,Damoh,1221760,634350,587410,926,72.62,64.2,32.16,5063,241.3,101668
Madhya Pradesh,Datiya,1390926,721060,669866,929,67.39,59.29,27.55,1904,730.5,127185
Madhya Pradesh,Dewas,1550761,787588,763173,969,68.27,60.96,28.64,3278,473.1,79567
Madhya Pradesh,Dhar,1248122,659335,588787,893,72.78,64.15,26.24,2507,497.9,90052
Madhya Pradesh,Dindori,1420767,727106,693661,954,70.54,61.06,23.58,10001,142.1,126340
Madhya Pradesh,Guna,1800456,940677,859779,914,69.22,63.87,32.48,2695,668.1,112307
Madhya Pradesh,Gwalior,1578058,802266,775792,967,70.43,65.96,19.88,10283,153.5,125125
Madhya Pradesh,Harda,1838912,955775,883137,924,71.41,64.11,33.27,3392,542.1,111558
Madhya Pradesh,Hoshangabad,883255,461229,422026,915,70.24,60.91,29.53,6211,142.2,99057
Madhya Pradesh,Indore,879587,453629,425958,939,69.71,65.62,28.09,3877,226.9,126966
Madhya Pradesh,Indore Rly.,894856,457961,436895,954,71.75,60.47,21.09,1878,476.5,79737
Madhya Pradesh,Jabalpur,1148301,602782,545519,905,69.51,58.99,23.75,5245,218.9,92513
Madhya Pradesh,Jabalpur Rly.,1458739,780074,678665,870,67.11,57.64,33.36,8121,179.6,120168
Madhya Pradesh,Jhabua,1971399,1032686,938713,909,66.05,59.02,28.47,1428,1380.5,71788
Madhya Pradesh,Katni,1118506,584686,533820,913,71.58,63.05,33.53,1868,598.8,101355
Madhya Pradesh,Khandwa,931700,480257,451443,940,66.99,56.05,34.02,6125,152.1,73904
Madhya Pradesh,Khargon,977804,492100,485704,987,69.81,65.55,34.7,4322,226.2,126053
Madhya Pradesh,Mandla,1721202,898800,822402,915,71.32,61.62,25.92,1661,1036.2,80509
Madhya Pradesh,Mandsaur,1218684,624325,594359,952,72.47,65.82,31.83,2367,514.9,127593
Madhya Pradesh,Morena,1920037,1001062,918975,918,69.31,57.52,20.21,5695,337.1,119054
Madhya Pradesh,Narsinghpur,1363859,700492,663367,947,68.47,58.28,19.81,3861,353.2,127827
Madhya Pradesh,Neemuch,1581375,842052,739323,878,68.15,56.62,26.47,8412,188.0,108908
Madhya Pradesh,Panna,994256,521371,472885,907,71.0,66.34,21.87,8770,113.4,107382
Madhya Pradesh,Raisen,1942500,1017548,924952,909,67.83,62.98,19.41,4252,456.8,91765
Madhya Pradesh,Rajgarh,1261161,646749,614412,950,68.89,60.45,26.08,1094,1152.8,91423
Madhya Pradesh,Ratlam,1004943,515091,489852,951,70.08,63.48,25.7,4068,247.0,93354
Madhya Pradesh,Rewa,992814,500410,492404,984,73.13,64.55,22.13,5064,196.1,79163
Madhya Pradesh,Sagar,1306640,684821,621819,908,69.24,64.73,26.52,5516,236.9,98851
Madhya Pradesh,Satna,981535,506206,475329,939,70.3,61.55,22.56,1998,491.3,88615
Madhya Pradesh,Seoni,2245794,1146983,1098811,958,67.96,59.0,32.64,4490,500.2,90329
Madhya Pradesh,Shahdol,2052439,1035539,1016900,982,66.39,59.82,35.01,3049,673.2,89158
Madhya Pradesh,Shajapur,2268633,1202243,1066390,887,73.05,66.72,30.83,6299,360.2,104075
Madhya Pradesh,Sheopur,1221515,640542,580973,907,68.44,63.53,28.66,7432,164.4,102350
Madhya Pradesh,Shivpuri,1858483,942435,916048,972,69.7,58.08,26.96,8733,212.8,96241
Madhya Pradesh,Sidhi,1292430,672090,620340,923,71.67,64.4,27.59,7893,163.7,85045
Madhya Pradesh,Sihore,1825061,962584,862477,896,71.02,60.71,20.54,11895,153.4,98566
Madhya Pradesh,Tikamgarh,1451167,770667,680500,883,70.83,62.48,32.41,4826,300.7,122293
Madhya Pradesh,Ujjain,1648513,851065,797448,937,70.41,65.73,32.05,8165,201.9,91485
Madhya Pradesh,Umariya,1808149,900472,907677,1008,70.72,63.52,31.78,11616,155.7,95785
Madhya Pradesh,Vidisha,885294,451911,433383,959,67.37,59.28,27.91,7301,121.3,104038
Maharashtra,Ahmednagar,3241913,1700898,1541015,906,83.01,75.01,41.0,1075,3015.7,77209
Maharashtra,Akola,3149523,1601180,1548343,967,85.99,81.06,57.15,2386,1320.0,89027
Maharashtra,Amravati Commr.,11278827,5792926,5485901,947,87.3,79.49,99.0,797,14151.6,171000
Maharashtra,Amravati Rural,4019966,2043704,1976262,967,80.85,74.45,53.61,2088,1925.3,119653
Maharashtra,Aurangabad Commr.,12771766,6607225,6164541,933,87.3,75.43,99.0,554,23053.7,171000
Maharashtra,Aurangabad Rural,2400805,1246523,1154282,926,79.58,71.1,57.63,3396,707.0,94337
Maharashtra,Beed,2431800,1264586,1167214,923,78.53,69.62,36.99,7432,327.2,93413
Maharashtra,Bhandara,4044680,2107701,1936979,919,79.95,69.93,53.57,1500,2696.5,77049
Maharashtra,Buldhana,4563135,2342471,2220664,948,81.96,75.86,55.03,6710,680.0,107679
Maharashtra,Chandrapur,3710609,1893167,1817442,960,83.19,74.49,41.08,10269,361.3,106439
Maharashtra,Dhule,4382588,2266074,2116514,934,83.22,78.54,35.27,2120,2067.3,88656
Maharashtra,Gadchiroli,2427438,1264949,1162489,919,83.85,75.76,42.98,2344,1035.6,93121
Maharashtra,Gondia,2435836,1272641,1163195,914,83.46,71.46,46.69,6283,387.7,79246
Maharashtra,Hingoli,2835198,1483620,1351578,911,81.91,77.48,41.38,907,3125.9,79032
Maharashtra,Jalgaon,4387169,2229252,2157917,968,82.26,72.78,42.91,10206,429.9,99105
Maharashtra,Jalna,2116278,1094815,1021463,933,78.55,68.46,39.56,3878,545.7,101893
Maharashtra,Kolhapur,2381447,1253393,1128054,900,84.43,76.03,34.71,2079,1145.5,115431
Maharashtra,Latur,4412176,2262654,2149522,950,81.23,70.65,32.77,8852,498.4,102392
Maharashtra,Mumbai,15420761,7800081,7620680,977,87.3,77.29,99.0,622,24792.2,171000
Maharashtra,Mumbai Rly.,15494673,7873309,7621364,968,87.3,79.7,99.0,685,22620.0,171000
Maharashtra,Nagpur Commr.,14079646,7549408,6530238,865,87.3,77.09,99.0,546,25786.9,171000
Maharashtra,Nagpur Rly.,4373178,2221014,2152164,969,83.0,76.19,50.92,7887,554.5,80710
Maharashtra,Nagpur Rural,2291628,1178820,1112808,944,78.77,71.96,39.26,6834,335.3,89698
Maharashtra,Nanded,4042566,2066751,1975815,956,80.61,74.47,54.91,11837,341.5,109970
Maharashtra,Nandurbar,2155198,1087385,1067813,982,85.65,73.71,55.15,2221,970.4,120616
Maharashtra,Nasik Commr.,9684998,5020735,4664263,929,87.3,77.61,99.0,1285,7537.0,171000
Maharashtra,Nasik Rural,4220568,2190227,2030341,927,82.92,76.77,42.87,5862,720.0,107366
Maharashtra,Navi Mumbai,14570969,7612836,6958133,914,87.3,82.56,99.0,894,16298.6,171000
Maharashtra,Osmanabad,2722499,1387614,1334885,962,85.9,79.28,31.71,9470,287.5,113015
Maharashtra,Parbhani,4125889,2137766,1988123,930,81.97,72.66,41.36,1509,2734.2,101712
Maharashtra,Pune Commr.,9438181,4905499,4532682,924,87.3,81.15,99.0,1285,7344.9,171000
Maharashtra,Pune Rly.,10367602,5324911,5042691,947,87.3,78.68,99.0,957,10833.4,171000
Maharashtra,Pune Rural,11511368,6001755,5509613,918,87.3,82.91,99.0,374,30779.1,171000
Maharashtra,Raigad,4290058,2176589,2113469,971,81.98,76.99,54.9,5742,747.1,71288
Maharashtra,Ratnagiri,4829898,2475601,2354297,951,79.36,70.16,35.95,11246,429.5,86869
Maharashtra,Sangli,3889222,1968229,1920993,976,80.3,73.33,56.15,2653,1466.0,93841
Maharashtra,Satara,2807078,1451436,1355642,934,83.54,73.91,31.67,6140,457.2,78813
Maharashtra,Sindhudurg,2561191,1332565,1228626,922,83.74,79.67,50.5,9951,257.4,127574
Maharashtra,Solapur Commr.,11022932,5664404,5358528,946,87.3,80.24,99.0,1163,9478.0,171000
Maharashtra,Solapur Rural,2177524,1118399,1059125,947,80.81,69.76,35.36,9462,230.1,114179
Maharashtra,Thane Commr.,8781883,4496611,4285272,953,87.3,79.06,99.0,260,33776.5,171000
Maharashtra,Thane Rural,3875062,1998484,1876578,939,81.82,72.04,48.67,2495,1553.1,94717
Maharashtra,Wardha,3988355,2049514,1938841,946,79.1,69.08,47.63,5101,781.9,126155
Maharashtra,Washim,2834961,1468131,1366830,931,79.42,73.2,33.92,6998,405.1,105450
Maharashtra,Yavatmal,3743538,1923709,1819829,946,85.08,75.81,39.82,6598,567.4,100292
Manipur,Bishnupur,431309,226766,204543,902,75.26,70.82,36.17,11492,37.5,99458
Manipur,Chandel,228077,119662,108415,906,77.13,65.31,37.73,11259,20.3,78773
Manipur,Churachandpur,467460,240958,226502,940,77.45,70.53,32.41,9342,50.0,125653
Manipur,Imphal(East),438517,224995,213522,949,75.0,70.68,21.5,9640,45.5,100126
Manipur,Imphal(West),393142,202650,190492,940,76.91,69.59,32.74,1723,228.2,101834
Manipur,Senapati,389135,200999,188136,936,76.99,71.36,34.6,6807,57.2,93521
Manipur,Tamenglong,394974,201414,193560,961,79.58,70.13,21.6,8625,45.8,112857
Manipur,Thoubal,462869,237490,225379,949,76.38,68.75,31.11,4264,108.6,113526
Manipur,Ukhrul,429010,220797,208213,943,73.86,64.2,32.73,2634,162.9,125571
Meghalaya,Garo Hills East,471662,242126,229536,948,71.74,66.72,23.49,3810,123.8,121775
Meghalaya,Garo Hills South,576000,303157,272843,900,70.63,60.17,17.35,1515,380.2,111852
Meghalaya,Garo Hills West,494193,251625,242568,964,73.28,65.28,20.91,4918,100.5,85791
Meghalaya,Jaintia Hills,295220,151239,143981,952,74.99,65.21,16.82,6498,45.4,73760
Meghalaya,Khasi Hills East,614429,316715,297714,940,73.46,68.26,25.3,10403,59.1,102763
Meghalaya,Khasi Hills West,635858,323098,312760,968,76.33,68.98,17.95,5462,116.4,112306
Meghalaya,Ri-Bhoi,365928,186602,179326,961,74.42,63.2,16.23,9808,37.3,127190
Mizoram,Aizawl,435142,223035,212107,951,87.85,80.13,45.29,10262,42.4,89906
Mizoram,Champhai,322865,165063,157802,956,91.81,85.38,55.94,5995,53.9,104976
Mizoram,Kolasib,306140,157804,148336,940,93.48,87.92,64.62,9317,32.9,85222
Mizoram,Lawngtlai,169785,88245,81540,924,90.07,79.35,63.89,11451,14.8,71333
Mizoram,Lunglei,352045,180628,171417,949,94.09,84.27,39.72,6733,52.3,84825
Mizoram,Mamit,305768,151445,154323,1019,92.99,88.25,65.27,10849,28.2,100876
Mizoram,Saiha,364237,184798,179439,971,90.28,78.48,39.12,1870,194.8,78860
Mizoram,Serchhip,397589,202026,195563,968,90.78,79.07,43.87,3723,106.8,89205
Nagaland,Dimapur,434253,222237,212016,954,81.21,71.33,25.75,3845,112.9,75507
Nagaland,Kiphire,248840,127872,120968,946,76.84,71.53,28.31,5352,46.5,101797
Nagaland,Kohima,485036,254345,230691,907,77.26,70.79,24.83,2143,226.3,80234
Nagaland,Mokokchung,398677,203718,194959,957,75.92,65.23,25.91,1821,218.9,85398
Nagaland,Mon,296280,155527,140753,905,79.71,70.29,24.74,11895,24.9,73021
Nagaland,Peren,311361,163874,147487,900,77.6,69.9,34.17,2365,131.7,71931
Nagaland,Phek,443415,227159,216256,952,83.46,78.41,34.51,4969,89.2,107176
Nagaland,Tuensang,385852,200651,185201,923,82.1,77.93,21.35,10907,35.4,96525
Nagaland,Wokha,225925,117059,108866,930,82.84,72.21,25.98,1278,176.8,97526
Nagaland,Zunheboto,238076,125435,112641,898,78.76,74.52,32.08,2735,87.0,83488
Odisha,Angul,1102011,574263,527748,919,71.14,60.07,12.04,7734,142.5,85259
Odisha,Balasore,1253147,655069,598078,913,69.39,63.15,13.07,3033,413.2,121675
Odisha,Baragarh,1576139,805797,770342,956,73.95,63.53,19.65,11881,132.7,115819
Odisha,Berhampur,1342756,702278,640478,912,76.2,68.18,15.58,2813,477.3,89426
Odisha,Bhadrak,1146628,593492,553136,932,76.07,65.84,12.28,11905,96.3,101427
Odisha,Bolangir,1913579,953452,960127,1007,69.7,60.45,14.36,9942,192.5,123533
Odisha,Boudh,918272,473580,444692,939,76.87,71.11,20.17,9730,94.4,91473
Odisha,Cuttack,2014911,1034348,980563,948,73.64,63.19,18.68,11036,182.6,72857
Odisha,Deogarh,1820785,944880,875905,927,76.48,67.97,17.33,2908,626.1,127566
Odisha,Dhenkanal,2074276,1081478,992798,918,72.82,68.1,14.02,3250,638.2,101257
Odisha,Gajapati,840956,433259,407697,941,76.24,70.63,13.0,8829,95.2,123620
Odisha,Ganjam,2021997,1043880,978117,937,73.59,62.25,19.45,10280,196.7,120308
Odisha,Jagatsinghpur,2184782,1123859,1060923,944,71.89,60.35,15.65,1931,1131.4,88450
Odisha,Jajpur,1031032,522570,508462,973,75.23,63.54,18.19,2751,374.8,126468
Odisha,Jharsuguda,1810984,910042,900942,990,76.33,66.03,13.93,7396,244.9,81245
Odisha,Kalahandi,1269552,656099,613453,935,74.73,63.14,21.2,5185,244.9,127924
Odisha,Kandhamal,2191257,1137133,1054124,927,69.16,60.34,20.92,11636,188.3,83841
Odisha,Kendrapara,1631770,835947,795823,952,74.86,68.96,21.53,2680,608.9,121713
Odisha,Keonjhar,964216,498560,465656,934,74.57,65.46,20.57,5802,166.2,86367
Odisha,Khurda,1189357,607745,581612,957,69.76,65.75,15.56,9004,132.1,126488
Odisha,Koraput,2078372,1067474,1010898,947,72.84,65.81,17.16,1935,1074.1,98580
Odisha,Malkangir,2049671,1069207,980464,917,70.2,65.61,20.16,4102,499.7,89416
Odisha,Mayurbhanj,2172326,1137939,1034387,909,69.49,64.13,15.45,8998,241.4,102431
Odisha,Nayagarh,2097373,1066280,1031093,967,73.81,65.95,12.0,11355,184.7,80654
Odisha,Nowrangpur,2085654,1065196,1020458,958,70.16,65.35,13.75,2927,712.6,110990
Odisha,Nuapada,1850853,955525,895328,937,71.15,65.25,12.19,7203,257.0,119121
Odisha,Puri,1055025,549492,505533,920,71.79,64.37,14.64,8214,128.4,105462
Odisha,Rayagada,1119544,572656,546888,955,71.23,66.57,20.14,4253,263.2,93905
Odisha,Rourkela,1524735,785136,739599,942,74.19,69.46,17.14,2870,531.3,121723
Odisha,Sambalpur,1357162,706487,650675,921,72.62,66.81,14.38,1490,910.8,114127
Odisha,Sonepur,1774455,911847,862608,946,69.59,62.84,17.12,11671,152.0,104864
Odisha,Srp(Cuttack),1615042,822322,792720,964,72.25,63.97,20.38,6118,264.0,121504
Odisha,Srp(Rourkela),1506767,792618,714149,901,69.53,58.31,18.85,6423,234.6,122575
Odisha,Sundargarh,1960630,1019038,941592,924,69.86,59.8,13.42,11824,165.8,126663
Punjab,Amritsar,1760575,922733,837842,908,72.81,65.42,48.49,5676,310.2,128094
Punjab,Barnala,1534032,787086,746946,949,79.09,67.78,27.76,5146,298.1,93899
Punjab,Batala,1157658,602006,555652,923,74.01,66.34,45.9,9609,120.5,106764
Punjab,Bhatinda,1403202,731978,671224,917,72.99,64.29,43.31,11324,123.9,123970
Punjab,Faridkot,1453354,744546,708808,952,72.61,66.32,38.3,4651,312.5,94670
Punjab,Fatehgarh Sahib,1228804,645041,583763,905,72.1,65.9,29.49,7616,161.3,110788
Punjab,Ferozepur,798478,410951,387527,943,78.92,72.27,31.6,9152,87.2,123737
Punjab,G.R.P,1871289,942714,928575,985,74.22,67.98,37.31,8597,217.7,76848
Punjab,Gurdaspur,1836125,944023,892102,945,72.88,61.09,36.22,10049,182.7,86606
Punjab,Hoshiarpur,1270965,658531,612434,930,73.49,62.9,42.92,9306,136.6,120679
Punjab,Jagraon,1776271,921780,854491,927,75.92,70.65,33.25,6476,274.3,78982
Punjab,Jalandhar,1814119,933188,880931,944,73.34,62.68,45.08,3594,504.8,97267
Punjab,Kapurthala,1897538,980639,916899,935,77.44,71.25,44.78,6457,293.9,107468
Punjab,Khanna,904841,460948,443893,963,76.55,71.13,45.84,7373,122.7,91186
Punjab,Ludhiana,954392,490942,463450,944,78.96,68.97,41.75,3992,239.1,93284
Punjab,Majitha,953634,506982,446652,881,78.66,69.48,41.5,3813,250.1,94591
Punjab,Mansa,775065,405580,369485,911,78.04,67.9,26.45,11008,70.4,108150
Punjab,Moga,1501427,766425,735002,959,78.24,71.8,48.01,7998,187.7,95406
Punjab,Muktsar,1220594,628848,591746,941,74.59,68.57,36.75,8384,145.6,118235
Punjab,Nawan Shahr,1246440,634966,611474,963,77.1,66.35,34.67,8050,154.8,105965
Punjab,Patiala,1123094,573885,549209,957,72.66,68.15,48.49,7974,140.8,120355
Punjab,Ropar,1076433,558605,517828,927,74.19,68.99,43.47,10876,99.0,117159
Punjab,Sangrur,1752954,928471,824483,888,76.6,67.32,41.57,8878,197.4,108607
Punjab,Tarn Taran,1996836,1030359,966477,938,74.91,70.63,42.18,7206,277.1,82075
Rajasthan,Ajmer,2719427,1383932,1335495,965,63.88,55.6,29.16,10953,248.3,109546
Rajasthan,Alwar,2269995,1154039,1115956,967,69.11,63.66,18.89,2232,1017.0,85993
Rajasthan,Banswara,2887104,1519528,1367576,900,68.2,62.74,27.58,4559,633.3,76340
Rajasthan,Baran,1958330,1009969,948361,939,68.4,61.75,21.32,4093,478.5,119769
Rajasthan,Barmer,2194599,1144212,1050387,918,69.03,60.36,31.54,1597,1374.2,121947
Rajasthan,Bharatpur,2255978,1153362,1102616,956,64.49,60.06,30.19,2338,964.9,82666
Rajasthan,Bhilwara,2068843,1076961,991882,921,66.66,55.41,24.27,4343,476.4,112043
Rajasthan,Bikaner,2826829,1484679,1342150,904,63.51,54.43,17.5,3863,731.8,114638
Rajasthan,Bundi,1575641,811349,764292,942,68.22,60.3,28.84,1786,882.2,106275
Rajasthan,Chittorgarh,2528649,1340747,1187902,886,65.17,60.87,20.41,4978,508.0,72052
Rajasthan,Churu,1890536,956748,933788,976,68.77,63.25,27.54,7818,241.8,85432
Rajasthan,Dausa,2651725,1372528,1279197,932,65.17,56.46,19.93,10027,264.5,88247
Rajasthan,Dholpur,1826196,936510,889686,950,67.92,59.15,22.48,10745,170.0,127991
Rajasthan,Dungarpur,1932602,986524,946078,959,63.61,52.03,31.15,5317,363.5,84269
Rajasthan,G.R.P.,2720696,1412614,1308082,926,63.15,53.28,26.24,2692,1010.7,92145
Rajasthan,Ganganagar,2563607,1288892,1274715,989,64.15,55.87,18.16,11940,214.7,108982
Rajasthan,Hanumangarh,2569813,1317177,1252636,951,62.26,52.74,23.66,5058,508.1,102445
Rajasthan,Jaipur,2202512,1122585,1079927,962,67.14,60.73,27.32,8219,268.0,86638
Rajasthan,Jaisalmer,2471550,1253957,1217593,971,63.2,52.55,19.0,8850,279.3,77960
Rajasthan,Jalore,1463725,749475,714250,953,63.7,57.6,25.25,3058,478.7,111345
Rajasthan,Jhalawar,1835469,941266,894203,950,62.42,54.45,20.53,11250,163.2,90094
Rajasthan,Jhunjhunu,1235612,645565,590047,914,68.78,59.43,19.66,1808,683.4,100417
Rajasthan,Jodhpur,2713305,1434851,1278454,891,62.91,56.86,20.88,11873,228.5,88123
Rajasthan,Karauli,2181768,1117709,1064059,952,62.42,56.1,29.41,4302,507.2,113346
Rajasthan,Kota,1424746,731013,693733,949,68.17,63.8,30.16,8229,173.1,80969
Rajasthan,Nagaur,1962931,1029329,933602,907,69.13,64.39,29.61,2848,689.2,94094
Rajasthan,Pali,3202735,1639905,1562830,953,64.27,57.18,30.14,9758,328.2,108234
Rajasthan,Rajsamand,2863664,1454374,1409290,969,62.57,51.03,19.81,5459,524.6,104922
Rajasthan,Sawai Madhopur,2874642,1462922,1411720,965,67.53,62.08,23.1,4816,596.9,72892
Rajasthan,Sikar,2633151,1333241,1299910,975,63.15,51.79,19.12,5406,487.1,73870
Rajasthan,Sirohi,1766306,938526,827780,882,64.61,54.97,27.56,9396,188.0,104118
Rajasthan,Tonk,2388275,1208641,1179634,976,64.81,56.63,27.9,1866,1279.9,108967
Rajasthan,Udaipur,1739582,899473,840109,934,64.87,55.46,23.18,10197,170.6,103075
Sikkim,East,238168,120713,117455,973,78.66,67.87,30.52,10537,22.6,75517
Sikkim,North,163747,83886,79861,952,79.33,67.57,18.4,3294,49.7,107919
Sikkim,South,150491,77492,72999,942,83.81,76.23,30.59,5807,25.9,78016
Sikkim,West,164606,83683,80923,967,82.63,77.81,23.87,7039,23.4,71259
Tamil Nadu,Ariyalur,1554514,813030,741484,912,78.54,70.47,39.89,8320,186.8,125420
Tamil Nadu,Chengai,2167520,1130093,1037427,918,76.53,70.75,47.08,7073,306.4,106576
Tamil Nadu,Chennai,8286376,4320321,3966055,918,85.1,80.19,99.0,1199,6911.1,171000
Tamil Nadu,Chennai Rly.,6872327,3605628,3266699,906,85.1,78.37,99.0,1287,5339.8,171000
Tamil Nadu,Coimbatore Rural,3519975,1821933,1698042,932,81.72,77.35,38.65,2373,1483.3,112110
Tamil Nadu,Coimbatore Urban,2973507,1510160,1463347,969,76.96,68.07,39.33,11218,265.1,93645
Tamil Nadu,Cuddalore,2378353,1221547,1156806,947,76.96,69.64,60.79,10179,233.7,104812
Tamil Nadu,Dharmapuri,3087326,1624053,1463273,901,79.7,70.43,61.65,2307,1338.2,99683
Tamil Nadu,Dindigul,2543319,1274846,1268473,995,82.81,74.95,48.64,11117,228.8,81350
Tamil Nadu,Erode,2651747,1355006,1296741,957,81.94,76.91,45.13,7526,352.3,121563
Tamil Nadu,Kanchipuram,2484247,1316506,1167741,887,83.43,73.33,41.83,11592,214.3,126568
Tamil Nadu,Kanyakumari,2368902,1192800,1176102,986,77.17,69.87,54.21,9182,258.0,88288
Tamil Nadu,Karur,2928362,1490260,1438102,965,83.58,74.52,39.71,7790,375.9,87813
Tamil Nadu,Madurai Rural,2126910,1114148,1012762,909,81.48,69.63,52.76,11533,184.4,99971
Tamil Nadu,Madurai Urban,2912201,1505791,1406410,934,78.92,71.08,50.45,8272,352.1,95046
Tamil Nadu,Nagapattinam,3032704,1554435,1478269,951,82.83,76.54,58.49,9853,307.8,101045
Tamil Nadu,Namakkal,1406862,717055,689807,962,77.7,67.7,38.55,4010,350.8,85531
Tamil Nadu,Nilgiris,3238609,1644798,1593811,969,81.62,75.26,55.76,1161,2789.5,117649
Tamil Nadu,Perambalur,1580580,803548,777032,967,83.02,73.08,50.18,3461,456.7,115955
Tamil Nadu,Pudukottai,3147348,1648689,1498659,909,78.4,69.08,60.79,5140,612.3,125782
Tamil Nadu,Ramnathapuram,3545601,1839959,1705642,927,76.2,70.19,51.9,9546,371.4,120846
Tamil Nadu,Salem Rural,3217462,1634058,1583404,969,83.39,73.75,52.69,9257,347.6,102407
Tamil Nadu,Salem Urban,2707620,1388523,1319097,950,78.45,73.03,53.7,2894,935.6,81156
Tamil Nadu,Sivagangai,2506155,1335903,1170252,876,79.12,71.69,50.04,2256,1110.9,104537
Tamil Nadu,Thanjavur,1923786,1001971,921815,920,77.34,72.11,43.25,1369,1405.2,124395
Tamil Nadu,Theni,2735119,1385571,1349548,974,81.4,73.48,50.51,4810,568.6,115939
Tamil Nadu,Thirunelveli Rural,2065182,1063430,1001752,942,76.65,68.61,45.96,6814,303.1,76490
Tamil Nadu,Thirunelveli Urban,1847695,945112,902583,955,77.81,71.15,44.36,3246,569.2,114151
Tamil Nadu,Thiruvallur,2543622,1280776,1262846,986,83.95,79.88,53.31,5791,439.2,122806
Tamil Nadu,Thiruvannamalai,2730827,1408368,1322459,939,81.07,69.4,53.7,4394,621.5,123458
Tamil Nadu,Thiruvarur,3476222,1814312,1661910,916,78.36,67.07,57.75,4999,695.4,117010
Tamil Nadu,Thoothugudi,2352503,1200256,1152247,960,76.45,65.26,39.47,6555,358.9,125298
Tamil Nadu,Trichy Rly.,1726638,876911,849727,969,76.16,71.64,53.35,9464,182.4,120552
Tamil Nadu,Trichy Rural,2304471,1193408,1111063,931,76.93,68.63,54.29,11733,196.4,115436
Tamil Nadu,Trichy Urban,2804762,1417978,1386784,978,77.33,69.66,43.51,1780,1575.7,74343
Tamil Nadu,Vellore,3136983,1630448,1506535,924,80.56,71.96,40.49,3696,848.8,93367
Tamil Nadu,Villupuram,2767988,1430484,1337504,935,81.49,73.21,52.51,7725,358.3,114339
Tamil Nadu,Virudhunagar,2667618,1374352,1293266,941,81.71,77.13,60.83,1988,1341.9,116102
Tripura,Dhalai,414621,209828,204793,976,86.7,79.54,28.73,6108,67.9,101657
Tripura,North,338735,172647,166088,962,86.33,75.95,26.92,11553,29.3,79462
Tripura,South,587552,297043,290509,978,89.03,82.04,33.27,6999,83.9,102888
Tripura,West,332688,173546,159142,917,83.24,74.47,26.78,11406,29.2,88617
Uttar Pradesh,Agra,3572985,1824813,1748172,958,67.0,57.83,22.47,2602,1373.2,83834
Uttar Pradesh,Aligarh,3802083,1974082,1828001,926,65.25,59.8,26.31,10345,367.5,119779
Uttar Pradesh,Allahabad,4060780,2064453,1996327,967,68.1,61.77,16.51,1899,2138.4,112608
Uttar Pradesh,Ambedkar Nagar,2881054,1485845,1395209,939,66.35,61.32,24.38,1920,1500.5,106562
Uttar Pradesh,Auraiya,3975314,2061884,1913430,928,68.63,62.18,23.43,7134,557.2,92026
Uttar Pradesh,Azamgarh,2428282,1236396,1191886,964,67.13,63.09,18.9,3281,740.1,113419
Uttar Pradesh,Badaun,2745728,1410235,1335493,947,69.56,58.54,21.8,4817,570.0,88661
Uttar Pradesh,Baghpat,3051930,1582951,1468979,928,65.11,56.26,26.87,10417,293.0,79230
Uttar Pradesh,Bahraich,3017337,1559347,1457990,935,64.31,59.71,15.86,6480,465.6,73028
Uttar Pradesh,Ballia,3132009,1573083,1558926,991,66.94,58.22,27.74,6977,448.9,102227
Uttar Pradesh,Balrampur,4236629,2233331,2003298,897,66.63,60.84,25.94,9012,470.1,87836
Uttar Pradesh,Banda,2821458,1449130,1372328,947,67.78,60.61,22.33,8221,343.2,119584
Uttar Pradesh,Barabanki,3727331,1933262,1794069,928,67.81,60.24,18.01,11425,326.2,108836
Uttar Pradesh,Bareilly,4154499,2152590,2001909,930,69.59,61.72,20.41,3250,1278.3,99045
Uttar Pradesh,Basti,1756582,908263,848319,934,65.35,54.09,20.44,6060,289.9,97164
Uttar Pradesh,Bijnor,1713059,880750,832309,945,71.54,64.95,25.03,6639,258.0,118539
Uttar Pradesh,Bulandshahar,3802411,1963041,1839370,937,65.09,55.86,20.5,8117,468.5,118871
Uttar Pradesh,Chandoli,2959156,1501347,1457809,971,66.71,55.45,22.52,4752,622.7,120710
Uttar Pradesh,Chitrakoot Dham,2880183,1511113,1369070,906,67.71,62.6,17.83,1663,1731.9,107928
Uttar Pradesh,Deoria,2150520,1106803,1043717,943,65.2,58.3,25.21,2125,1012.0,84379
Uttar Pradesh,Etah,3739607,1933612,1805995,934,67.53,61.84,17.77,10133,369.1,72529
Uttar Pradesh,Etawah,1704332,891853,812479,911,68.29,63.0,24.03,1238,1376.7,103869
Uttar Pradesh,Faizabad,1738166,896423,841743,939,71.37,62.58,23.15,1008,1724.4,112264
Uttar Pradesh,Fatehgarh,3343624,1710293,1633331,955,65.97,61.28,21.62,11919,280.5,120686
Uttar Pradesh,Fatehpur,2042001,1043967,998034,956,70.06,59.5,18.04,8188,249.4,86327
Uttar Pradesh,Firozabad,3509095,1837222,1671873,910,66.44,58.81,23.51,3373,1040.3,93221
Uttar Pradesh,G.R.P.,1877710,960957,916753,954,67.73,60.37,17.61,1878,999.8,98374
Uttar Pradesh,Gautambudh Nagar,3219082,1620071,1599011,987,64.01,53.74,22.34,2116,1521.3,98737
Uttar Pradesh,Ghaziabad,1935371,1017545,917826,902,70.88,60.68,24.3,6646,291.2,92361
Uttar Pradesh,Ghazipur,1705111,892261,812850,911,67.94,62.1,26.34,9643,176.8,92980
Uttar Pradesh,Gonda,3150977,1626730,1524247,937,69.27,64.49,17.4,6143,512.9,84503
Uttar Pradesh,Gorakhpur,3866491,2038213,1828278,897,65.97,54.96,21.08,2917,1325.5,111671
Uttar Pradesh,Hamirpur,3681969,1909734,1772235,928,63.76,54.52,24.81,4338,848.8,91899
Uttar Pradesh,Hardoi,2000163,1034210,965953,934,68.91,62.88,27.05,5543,360.8,92091
Uttar Pradesh,Hathras,2320235,1207198,1113037,922,67.01,56.74,22.07,4946,469.1,102879
Uttar Pradesh,J.P.Nagar,2262510,1190168,1072342,901,66.15,59.4,25.05,9040,250.3,119984
Uttar Pradesh,Jalaun,3337099,1721041,1616058,939,69.29,64.0,18.48,5286,631.3,90540
Uttar Pradesh,Jaunpur,3049026,1594678,1454348,912,69.28,59.63,17.76,11603,262.8,71551
Uttar Pradesh,Jhansi,1831384,927752,903632,974,67.18,62.67,18.58,1696,1079.8,73402
Uttar Pradesh,Kannauj,2608463,1314087,1294376,985,71.58,62.67,22.58,8769,297.5,105305
Uttar Pradesh,Kanpur Dehat,4096147,2095215,2000932,955,67.21,61.6,24.4,9803,417.8,87552
Uttar Pradesh,Kanpur Nagar,1679064,880474,798590,907,68.5,60.37,18.71,2698,622.3,73305
Uttar Pradesh,Kaushambi,2224030,1138193,1085837,954,71.67,61.43,20.33,5225,425.7,104656
Uttar Pradesh,Khiri,2962018,1526813,1435205,940,69.6,65.05,16.82,3986,743.1,118546
Uttar Pradesh,Kushi Nagar,4014773,2110816,1903957,902,65.91,57.06,18.21,11212,358.1,104019
Uttar Pradesh,Lalitpur,2281934,1145549,1136385,992,66.96,62.11,16.58,4095,557.2,125229
Uttar Pradesh,Lucknow,3717796,1869178,1848618,989,70.21,61.61,24.9,11619,320.0,103350
Uttar Pradesh,Maharajganj,3630413,1884949,1745464,926,69.76,58.07,21.75,5960,609.1,104699
Uttar Pradesh,Mahoba,1662479,854305,808174,946,68.77,56.82,24.67,3375,492.6,89246
Uttar Pradesh,Mainpuri,4121931,2118155,2003776,946,67.83,63.75,26.74,3580,1151.4,76551
Uttar Pradesh,Mathura,3375299,1736264,1639035,944,71.15,63.34,20.34,10816,312.1,86587
Uttar Pradesh,Mau,4099862,2123180,1976682,931,69.16,57.88,22.29,3036,1350.4,113169
Uttar Pradesh,Meerut,3902767,2007596,1895171,944,65.7,56.75,17.7,1994,1957.3,123700
Uttar Pradesh,Mirzapur,3380902,1728477,1652425,956,69.01,60.1,25.84,6864,492.6,73658
Uttar Pradesh,Moradabad,2868074,1495346,1372728,918,71.58,60.4,27.23,6297,455.5,127360
Uttar Pradesh,Muzaffarnagar,4017418,2093495,1923923,919,65.94,60.16,23.33,1406,2857.3,116808
Uttar Pradesh,Pilibhit,2857548,1495315,1362233,911,66.85,57.36,17.95,11736,243.5,111049
Uttar Pradesh,Pratapgarh,2809187,1454030,1355157,932,69.21,65.12,18.43,7307,384.5,89799
Uttar Pradesh,Raibareilly,3213861,1658339,1555522,938,65.6,57.83,23.81,4898,656.2,99679
Uttar Pradesh,Rampur,2147911,1089756,1058155,971,69.31,62.33,27.04,3931,546.4,81503
Uttar Pradesh,Saharanpur,1937518,1007549,929969,923,64.5,58.34,18.77,5640,343.5,92960
Uttar Pradesh,Sant Kabirnagar,1976485,1023555,952930,931,71.37,66.17,26.39,2778,711.5,99727
Uttar Pradesh,Shahjahanpur,4228238,2160571,2067667,957,69.46,59.18,19.62,7095,595.9,103616
Uttar Pradesh,Shrawasti,2645765,1381600,1264165,915,69.22,64.74,26.5,6137,431.1,107152
Uttar Pradesh,Sidharthnagar,2782115,1443005,1339110,928,68.18,56.73,19.06,1022,2722.2,78160
Uttar Pradesh,Sitapur,3888526,1983941,1904585,960,71.4,65.81,23.32,8070,481.8,81198
Uttar Pradesh,Sonbhadra,3657819,1908095,1749724,917,67.6,57.71,27.51,5067,721.9,87581
Uttar Pradesh,St.Ravidasnagar,3264037,1657713,1606324,969,64.86,59.52,26.42,4578,713.0,107232
Uttar Pradesh,Sultanpur,3104839,1596318,1508521,945,65.0,59.17,19.85,4063,764.2,86495
Uttar Pradesh,Unnao,3298307,1707198,1591109,932,65.87,58.31,27.15,4867,677.7,104704
Uttar Pradesh,Varanasi,4148643,2154020,1994623,926,63.88,54.06,24.47,11332,366.1,111189
Uttarakhand,Almora,530450,272304,258146,948,76.14,71.32,22.3,10641,49.8,102510
Uttarakhand,Bageshwar,488564,256329,232235,906,75.47,69.37,23.95,8134,60.1,121721
Uttarakhand,Chamoli,709309,360971,348338,965,76.78,70.51,32.49,2270,312.5,119045
Uttarakhand,Champawat,490285,256157,234128,914,77.4,69.59,38.81,6854,71.5,86777
Uttarakhand,Dehradun,814979,429614,385365,897,82.56,72.98,24.35,7492,108.8,107219
Uttarakhand,Haridwar,963963,504428,459535,911,79.92,73.44,27.43,6844,140.8,117118
Uttarakhand,Nainital,812651,421499,391152,928,77.73,71.65,26.64,801,1014.5,117726
Uttarakhand,Pauri Garhwal,1129398,587005,542393,924,74.87,63.49,38.3,6143,183.9,71770
Uttarakhand,Pithoragarh,803739,409444,394295,963,77.14,71.29,21.27,4984,161.3,94718
Uttarakhand,Rudra Prayag,905232,469518,435714,928,80.7,73.58,28.0,3745,241.7,95317
Uttarakhand,Tehri Garhwal,654858,335996,318862,949,80.92,69.64,35.77,8467,77.3,87476
Uttarakhand,Udhamsingh Nagar,1047482,537445,510037,949,81.63,76.17,26.39,7933,132.0,106460
Uttarakhand,Uttarkashi,680264,355229,325035,915,79.78,74.28,21.49,1355,502.0,101743
West Bengal,24 Parganas North,3772500,1929667,1842833,955,78.02,68.2,26.79,2487,1516.9,99384
West Bengal,24 Parganas South,4521181,2317365,2203816,951,74.79,64.39,41.43,5993,754.4,116361
West Bengal,Asansol,4465193,2262002,2203191,974,72.75,62.54,23.7,6065,736.2,82204
West Bengal,Bankura,6919388,3664930,3254458,888,78.84,68.21,24.66,9403,735.9,85440
West Bengal,Birbhum,6581881,3462325,3119556,901,72.57,64.88,37.09,6636,991.8,127230
West Bengal,Burdwan,5149562,2635395,2514167,954,77.75,71.25,28.51,7846,656.3,73654
West Bengal,Coochbehar,7379620,3841551,3538069,921,77.41,71.82,39.32,10472,704.7,83663
West Bengal,Dakshin Dinajpur,3422056,1766678,1655378,937,77.36,70.76,25.53,3892,879.3,78070
West Bengal,Darjeeling,6667890,3424699,3243191,947,78.57,70.77,33.74,4959,1344.6,76350
West Bengal,Hooghly,3636952,1874717,1762235,940,73.03,64.08,40.15,11966,303.9,106882
West Bengal,Howrah,3166920,1652881,1514039,916,78.63,73.62,26.78,11794,268.5,116198
West Bengal,Howrah City,6512148,3411287,3100861,909,78.74,71.23,26.02,8519,764.4,91665
West Bengal,Howrah G.R.P.,3526714,1796593,1730121,963,75.8,69.44,35.67,2925,1205.7,81887
West Bengal,Jalpaiguri,4548790,2366696,2182094,922,78.16,71.96,38.24,11042,412.0,102857
West Bengal,Kolkata,12826519,6574330,6252189,951,81.3,75.19,70.18,708,18116.6,171000
West Bengal,Malda,2883455,1473405,1410050,957,77.4,70.37,25.88,1009,2857.7,120089
West Bengal,Midnapur,6604879,3401070,3203809,942,77.57,69.26,29.75,6669,990.4,99610
West Bengal,Murshidabad,5527045,2792847,2734198,979,77.2,70.62,34.6,2037,2713.3,101072
West Bengal,Nadia,3200063,1644431,1555632,946,79.29,73.67,31.62,1906,1678.9,103797
West Bengal,Purulia,6894237,3575849,3318388,928,77.56,69.35,35.75,3666,1880.6,92132
West Bengal,Sealdah G.R.P.,5788577,2905912,2882665,992,73.97,66.04,39.36,1695,3415.1,116908
West Bengal,Siliguri G.R.P.,3171360,1614745,1556615,964,76.76,65.25,30.29,4933,642.9,111630
West Bengal,Uttar Dinajpur,6833486,3524232,3309254,939,72.86,66.43,40.41,11558,591.2,76785
Andaman & Nicobar Islands,Andaman,251782,129317,122465,947,86.85,81.33,38.29,3586,70.2,106893
Andaman & Nicobar Islands,Nicobar,147990,76322,71668,939,83.44,74.33,34.49,5937,24.9,109168
Chandigarh,Chandigarh,1564379,817334,747045,914,83.33,77.89,91.46,4580,341.6,80266
Dadra & Nagar Haveli,D And N Haveli,543467,283350,260117,918,74.72,62.79,41.79,4963,109.5,114808
Daman & Diu,Daman,247341,126971,120370,948,88.91,80.04,78.05,3195,77.4,114895
Daman & Diu,Diu,366275,188996,177279,938,86.68,79.5,85.41,11809,31.0,105208
Delhi,Central,2067577,1032240,1035337,1003,90.15,83.74,85.82,3285,629.4,120026
Delhi,East,1150147,588009,562138,956,84.41,75.98,99.0,11170,103.0,80068
Delhi,G.R.P.(Rly),1179812,619323,560489,905,85.05,79.94,89.72,7320,161.2,84530
Delhi,I.G.I. Airport,2610487,1331201,1279286,961,89.54,79.67,99.0,9680,269.7,81105
Delhi,New Delhi,8443886,4323546,4120340,953,91.2,81.68,99.0,970,8705.0,171000
Delhi,North,2789162,1451176,1337986,922,88.05,79.44,72.84,1426,1955.9,115191
Delhi,North East,1753670,909579,844091,928,88.74,81.41,99.0,10541,166.4,84172
Delhi,North West,2317641,1197128,1120513,936,88.42,81.36,86.08,1261,1837.9,102025
Delhi,S.T.F.,1386723,715912,670811,937,86.22,80.45,71.21,8993,154.2,93644
Delhi,South,1934390,1010125,924265,915,83.98,77.66,91.32,2280,848.4,75955
Delhi,South West,2167165,1126970,1040195,923,82.59,75.4,73.23,6420,337.6,115358
Delhi,West,1351194,689033,662161,961,86.1,76.88,79.72,7699,175.5,113183
Lakshadweep,Lakshadweep,55005,28020,26985,963,88.37,78.16,69.74,11150,4.9,76356
Puducherry,Pondicherry,788483,410882,377601,919,84.37,75.62,48.8,4213,187.2,127546
Chhattisgarh,Kabirdham,1155409,592517,562892,950,74.22,66.68,18.27,1302,887.4,117885
Jammu & Kashmir,Handwara,463817,242836,220981,910,70.02,65.12,20.08,11428,40.6,124073
West Bengal,Kharagpur G.R.P.,7050011,3580503,3469508,969,78.86,74.75,35.61,2046,3445.8,96903
West Bengal,Paschim Midnapur,2989190,1535279,1453911,947,73.93,65.74,27.28,6209,481.4,112855
West Bengal,Purab Midnapur,3558467,1806328,1752139,970,77.89,73.74,33.49,8231,432.3,73728
Delhi,Spl Cell,1425091,738389,686702,930,87.14,82.72,99.0,893,1595.8,93402
Andhra Pradesh,Cyberabad,1568358,790901,777457,983,69.82,60.54,35.95,1013,1548.2,120692
Arunachal Pradesh,K/Kumey,312352,160840,151512,942,69.21,64.41,20.36,10507,29.7,101548
Arunachal Pradesh,Upper Dibang Valley,196604,100103,96501,964,65.41,57.75,28.76,1040,189.0,85351
Chhattisgarh,Narayanpur,1072944,556795,516149,927,67.56,60.79,21.14,7802,137.5,84713
Kerala,Ernakulam Commr.,11869465,6052761,5816704,961,98.0,89.99,99.0,1264,9390.4,171000
Kerala,Ernakulam Rural,2941901,1487310,1454591,978,96.52,92.28,49.27,3938,747.1,79897
Kerala,Kozhikode Commr.,11383051,5981634,5401417,903,98.0,88.74,99.0,359,31707.7,171000
Kerala,Kozhikode Rural,2357297,1194778,1162519,973,95.0,89.18,40.27,2510,939.2,126570
Kerala,Trivandrum Commr.,11458412,5933926,5524486,931,98.0,91.37,99.0,927,12360.7,171000
Kerala,Trivandrum Rural,1936217,987865,948352,960,96.4,85.5,42.23,8697,222.6,101106
Madhya Pradesh,Anuppur,1066116,543105,523011,963,73.27,61.46,21.72,11249,94.8,123525
Madhya Pradesh,Ashok Nagar,1330369,706891,623478,882,66.25,59.71,33.89,8943,148.8,114879
Madhya Pradesh,Burhanpur,2146191,1118973,1027218,918,68.61,61.32,26.66,11258,190.6,122215
Tamil Nadu,Krishnagiri,3449812,1784693,1665119,933,76.95,71.47,56.02,7654,450.7,86461
Assam,Baska,1283747,647702,636045,982,70.05,64.19,15.69,4823,266.2,110474
Assam,Chirang,1184262,621659,562603,905,73.9,66.91,17.08,6304,187.9,79088
Assam,Udalguri,872585,450018,422567,939,68.46,58.34,10.0,3822,228.3,94793
Chhattisgarh,Surajpur,1275248,643739,631509,981,66.83,55.41,29.96,10511,121.3,99176
Haryana,Mewat,1109874,573282,536592,936,75.26,69.29,32.91,1268,875.3,113163
Punjab,Ferozpur,1225467,636275,589192,926,77.74,68.99,38.07,10608,115.5,116104
Tamil Nadu,Viluppuram,2521460,1279279,1242181,971,79.71,69.09,35.11,11953,210.9,100816
Delhi,Igi Airport,1841880,950893,890987,937,86.33,77.28,71.13,4061,453.6,93938
Delhi,North-East,1673425,877057,796368,908,88.82,81.13,92.96,7667,218.3,74359
Delhi,North-West,2066393,1049463,1016930,969,85.81,76.03,74.87,9521,217.0,124707
Delhi,South-West,2397811,1213467,1184344,976,83.28,75.97,94.63,2803,855.4,104897
Andhra Pradesh,Vijayawada City,2362741,1212906,1149835,948,65.0,55.47,36.71,9720,243.1,112197
Haryana,Palwal,868253,441634,426619,966,72.51,64.91,32.03,6666,130.3,93142
Jammu & Kashmir,Border District,806818,429386,377432,879,66.23,59.19,31.81,11017,73.2,103483
Maharashtra,Mumbai Commr.,12861360,6646697,6214663,935,87.3,82.1,99.0,1336,9626.8,171000
Manipur,Imphal East,249237,128937,120300,933,75.38,65.23,28.26,7816,31.9,77950
Manipur,Imphal West,234102,122310,111792,914,74.52,65.54,24.87,5936,39.4,120008
Punjab,Sas Ngr,1429376,717918,711458,991,73.7,64.99,36.95,5393,265.0,75776
Rajasthan,Jaipur East,2460209,1267495,1192714,941,64.06,55.68,26.69,7044,349.3,118289
Rajasthan,Jaipur North,1330283,678369,651914,961,62.39,51.56,27.39,10185,130.6,88261
Rajasthan,Jaipur Rural,3116788,1582929,1533859,969,62.49,55.15,20.09,8327,374.3,106082
Rajasthan,Jaipur South,2647602,1391277,1256325,903,63.52,55.88,26.08,11232,235.7,76558
Rajasthan,Jodhpur City,1843553,962690,880863,915,65.05,58.02,18.44,5586,330.0,102626
Rajasthan,Jodhpur Rural,1830307,931453,898854,965,64.3,56.08,25.27,8593,213.0,106137
Rajasthan,Kota City,1454069,738856,715213,968,67.94,58.91,32.18,6217,233.9,110503
Rajasthan,Kota Rural,3144477,1604325,1540152,960,66.97,60.44,25.28,11944,263.3,91419
Delhi,Grp(Rly),1349969,696578,653391,938,86.7,78.54,99.0,6316,213.7,81504
Delhi,Stf,2237400,1164099,1073301,922,82.21,78.02,99.0,2120,1055.4,119589
Puducherry,Karaikal,867729,463530,404199,872,89.79,82.48,61.49,7076,122.6,107587
Jharkhand,Khunti,855816,439782,416034,946,68.72,62.26,24.2,4427,193.3,71599
Jharkhand,Ramgarh,1800170,918922,881248,959,65.13,55.33,25.78,1126,1598.7,81260
Nagaland,Longleng,288459,150239,138220,920,82.93,72.55,31.43,6192,46.6,107000
Punjab,Amritsar Rural,1865072,946256,918816,971,76.1,69.42,43.89,5436,343.1,113577
Andaman & Nicobar Islands,A And N Islands,272670,141499,131171,927,85.12,76.83,31.1,8477,32.2,116823
Delhi,Outer,2752854,1391736,1361118,978,85.03,73.27,84.66,1149,2395.9,127316
Gujarat,Tapi,2269045,1159450,1109595,957,77.12,68.36,51.92,9217,246.2,111450
Jammu & Kashmir,Bandipora,530409,277410,252999,912,63.45,56.14,27.35,3461,153.3,97008
Jammu & Kashmir,Kishtwar,899421,462665,436756,944,64.1,53.82,31.97,11029,81.6,96545
Jammu & Kashmir,Samba,362462,184929,177533,960,67.06,59.06,22.31,11144,32.5,112999
Jammu & Kashmir,Shopian,651704,335583,316121,942,70.17,59.59,34.6,8379,77.8,78814
Karnataka,Cbpura,2715369,1409848,1305521,926,75.07,65.36,39.22,846,3209.7,124393
Karnataka,Ramanagar,2638457,1366368,1272089,931,75.14,70.77,39.18,8180,322.5,89061
Madhya Pradesh,Alirajpur,1707461,882865,824596,934,67.8,56.66,24.63,2956,577.6,87019
Madhya Pradesh,Singrauli,1332767,691269,641498,928,66.49,60.3,19.57,7776,171.4,100551
Manipur,Cid,258104,132769,125335,944,75.7,69.15,22.92,8688,29.7,87396
Odisha,Dcp Bbsr,1182755,600078,582677,971,71.61,64.06,12.99,6072,194.8,109753
Odisha,Dcp Ctc,988297,505781,482516,954,69.33,61.92,13.48,7476,132.2,105037
Punjab,Ludhiana Rural,1795218,930646,864572,929,74.3,63.76,42.29,8313,216.0,101658
Punjab,Sbs Nagar,1967102,1031516,935586,907,77.85,70.12,29.22,9903,198.6,123672
Rajasthan,Pratapgarh,2189965,1150796,1039169,903,67.78,60.06,20.89,3306,662.4,120332
Tamil Nadu,Chennaisuburban,9095299,4664255,4431044,950,85.1,73.8,99.0,740,12290.9,171000
Uttar Pradesh,Kanshiram Nagar,3443978,1796545,1647433,917,70.76,63.13,16.01,6123,562.5,91282
Delhi,Caw,1963297,1032227,931070,902,83.57,73.43,99.0,2226,882.0,77117
Delhi,Crime Branch,2622472,1347621,1274851,946,87.4,77.06,99.0,5289,495.8,94816
Delhi,Eow,2258618,1177590,1081028,918,86.58,74.79,90.7,4615,489.4,117643
Delhi,South-East,2203294,1132798,1070496,945,88.5,80.14,82.07,8221,268.0,75689
Puducherry,Puducherry,949135,496150,452985,913,86.39,78.5,72.08,5984,158.6,102889
Arunachal Pradesh,Anjaw,355505,180734,174771,967,61.96,57.09,27.22,9439,37.7,92847
Himachal Pradesh,Baddipolicedist,623748,312655,311093,995,84.08,79.36,11.9,10737,58.1,122735
Himachal Pradesh,Cid,704595,360591,344004,954,79.99,71.74,9.34,7272,96.9,82402
Jammu & Kashmir,Railways Kmr,743279,383133,360146,940,65.73,57.17,34.19,4210,176.6,125019
Tamil Nadu,Tiruppur,2328135,1186613,1141522,962,76.81,72.75,62.53,5327,437.0,78520
Andhra Pradesh,Guntur Urban,1609532,830940,778592,937,65.95,57.56,21.59,8677,185.5,118032
Andhra Pradesh,Rajahmundry,1726640,875578,851062,972,64.88,55.26,27.63,4363,395.7,93069
Andhra Pradesh,Tirupathi Urban,1766817,929414,837403,901,67.36,58.06,29.06,2908,607.6,93171
Andhra Pradesh,Warangal Urban,2744067,1409382,1334685,947,70.98,61.62,23.03,1603,1711.8,72145
Arunachal Pradesh,Rural,330334,171423,158911,927,65.29,57.8,29.64,1748,189.0,107857
Gujarat,Cid Crime,1879332,990686,888646,897,78.84,71.43,34.42,6505,288.9,102716
Jammu & Kashmir,Crime Kashmir,609026,312001,297025,952,66.04,60.55,29.12,7272,83.7,119517
Jammu & Kashmir,Sopore,485314,253560,231754,914,67.57,60.63,35.26,7163,67.8,111428
Karnataka,Yadgiri,1461986,753989,707997,939,75.25,65.73,30.39,8990,162.6,127314
Punjab,Cp Amritsar,1979585,1017781,961804,945,72.43,61.31,28.24,6091,325.0,113526
Punjab,Cp Jalandhar,1950513,1020142,930371,912,72.42,63.35,44.21,4299,453.7,74258
Punjab,Cp Ludhiana,1179432,606391,573041,945,75.9,68.15,42.76,5515,213.9,126003
Punjab,Jalandhar Rural,1747779,914110,833669,912,74.11,69.83,47.01,9193,190.1,112687
Rajasthan,G.R.P. Ajmer,2385597,1213426,1172171,966,63.45,59.04,32.23,9859,242.0,106836
Rajasthan,G.R.P. Jodhpur,1817972,932293,885679,950,62.76,54.72,30.15,3911,464.8,78804
Tripura,G.R.P.,405247,208675,196572,942,84.09,78.69,27.64,2492,162.6,96709
Uttar Pradesh,Csm Nagar,3730777,1927054,1803723,936,65.79,56.18,22.1,9752,382.6,120384
Uttar Pradesh,Ramabai Nagar,2498547,1279993,1218554,952,71.17,65.94,22.25,11928,209.5,115160
Chhattisgarh,Gariyaband,796050,408859,387191,947,69.82,60.72,19.18,9024,88.2,90919
Gujarat,Kutch (East(G)),2298183,1184630,1113553,940,75.34,68.15,37.52,9156,251.0,114138
Gujarat,Kutch (West-Bhuj),2095163,1087266,1007897,927,77.04,67.4,41.95,2425,864.0,120855
Gujarat,W.Rly Ahmedabad,4679866,2382823,2297043,964,83.0,73.57,93.72,1452,3223.0,171000
Gujarat,W.Rly Vadodara,2373321,1231614,1141707,927,74.33,62.99,46.11,11509,206.2,95861
Jammu & Kashmir,Railways Jammu,880464,450595,429869,954,65.34,60.55,29.94,5180,170.0,115319
Jammu & Kashmir,Railways Kashmir,782472,407113,375359,922,69.07,60.36,22.38,4578,170.9,110595
Karnataka,Mangalore City,1598829,839721,759108,904,78.05,73.95,29.36,1963,814.5,96668
Kerala,Kollam Commr.,7316497,3794863,3521634,928,98.0,91.73,99.0,491,14901.2,171000
Kerala,Kollam Rural,1496881,752579,744302,989,95.25,84.57,60.59,7946,188.4,111610
Kerala,Thrissur Commr.,6719862,3407637,3312225,972,98.0,87.15,99.0,412,16310.3,171000
Kerala,Thrissur Rural,3015347,1533747,1481600,966,97.74,86.57,53.3,3637,829.1,97866
Punjab,Fazilka,1920227,1000118,920109,920,76.91,65.53,32.47,5582,344.0,122743
Punjab,Pathankot,1712350,885851,826499,933,72.39,62.17,34.86,4525,378.4,74673
Rajasthan,G.R.P.Ajmer,3188991,1632867,1556124,953,64.22,56.7,24.78,11200,284.7,106037
Rajasthan,G.R.P.Jodhpur,1595806,828559,767247,926,68.25,62.5,27.04,11021,144.8,112027
Rajasthan,Jaipur West,1441738,743163,698575,940,62.68,54.11,21.17,5793,248.9,122351
Tripura,Grp,344472,181015,163457,903,88.52,82.39,29.34,10931,31.5,104004
Uttar Pradesh,Bhim Nagar,2955764,1559769,1395995,895,71.22,63.29,21.44,10253,288.3,115763
Uttar Pradesh,Panchshil Nagar,3671261,1894355,1776906,938,71.33,60.79,22.06,7153,513.2,124547
Uttar Pradesh,Prabuddh Nagar,2541133,1310537,1230596,939,69.15,61.95,24.07,11538,220.2,76418
Assam,Baksa,1248088,640373,607715,949,71.88,61.75,15.35,2778,449.3,73491
Assam,Bieo,1082580,558895,523685,937,69.73,60.16,17.45,7862,137.7,91727
Assam,Hamren,753348,394010,359338,912,69.32,63.78,15.96,7440,101.3,99136
Chhattisgarh,Balod,629842,329932,299910,909,70.62,64.16,23.67,10143,62.1,96860
Chhattisgarh,Baloda Bazar,1516041,778255,737786,948,72.6,68.26,17.89,9839,154.1,109287
Chhattisgarh,Bemetara,1005451,518006,487445,941,71.72,60.73,18.31,7288,138.0,123964
Chhattisgarh,Kondagaon,605033,308375,296658,962,70.07,58.73,16.88,8654,69.9,78690
Chhattisgarh,Mungeli,733636,372782,360854,968,66.7,60.24,27.29,5909,124.2,80979
Chhattisgarh,Sukma,1131490,582042,549448,944,70.28,59.89,19.31,9809,115.4,95544
Haryana,Ambala Rural,1693825,878084,815741,929,79.46,70.03,31.22,11729,144.4,104080
Haryana,Ambala Urban,884795,450965,433830,962,77.71,68.97,31.46,2152,411.2,79300
Jammu & Kashmir,Railways Katra,588789,309563,279226,902,68.77,60.34,26.39,11167,52.7,73569
Rajasthan,Jodhpur East,1434934,732482,702452,959,68.32,64.19,24.71,871,1647.5,81476
Rajasthan,Jodhpur West,1412739,739266,673473,911,67.31,56.21,23.65,9843,143.5,115286
Tripura,Gomati,594484,305020,289464,949,87.38,80.08,33.09,7638,77.8,73394
Tripura,Khowai,358800,181762,177038,974,87.2,75.6,28.2,9564,37.5,91077
Tripura,Sipahijala,278102,143277,134825,941,87.44,82.67,24.03,9324,29.8,102014
Tripura,Unakoti,376867,193067,183800,952,89.36,80.09,22.69,2969,126.9,116656
West Bengal,Bdn Cp,6169170,3136334,3032836,967,73.71,64.35,23.16,8022,769.0,87498
West Bengal,Bkp Cp,4966423,2567953,2398470,934,74.97,64.53,36.85,1285,3864.9,113453
West Bengal,Jhargram,7319334,3736260,3583074,959,76.18,71.25,39.46,8879,824.3,105034
West Bengal,Siliguri_Pc,4444667,2245915,2198752,979,73.89,64.48,28.56,9524,466.7,89839
Andaman & Nicobar Islands,Car,132632,68508,64124,936,85.6,79.83,37.04,6225,21.3,122007
Andaman & Nicobar Islands,North,141538,74927,66611,889,90.02,82.38,35.15,2327,60.8,112279
Andaman & Nicobar Islands,South,234084,119674,114410,956,83.62,74.08,27.74,2328,100.6,119794
Arunachal Pradesh,Longding,264644,136625,128019,937,62.77,56.02,28.21,7560,35.0,116254
Assam,Stf,1361799,706327,655472,928,75.96,65.12,10.6,10398,131.0,99135
Haryana,I&P Haryana,1914797,992122,922675,930,76.33,65.63,30.28,8976,213.3,113212
Madhya Pradesh,Agar,1227648,638070,589578,924,72.43,63.7,21.79,7225,169.9,71539
Meghalaya,Garo Hills North,663677,337062,326615,969,70.72,62.95,23.34,1176,564.4,101523
Meghalaya,Garo Hills South W.,453293,232100,221193,953,74.02,68.1,20.81,939,482.7,112961
Meghalaya,Jaintia Hills East,650972,343520,307452,895,71.46,65.09,21.88,1816,358.5,98597
Meghalaya,Jaintia Hills West,380031,197418,182613,925,76.38,72.18,19.56,9444,40.2,121079
Meghalaya,Khasi Hills South W.,422251,223177,199074,892,76.72,69.76,19.67,7894,53.5,120291
Mizoram,Spl Narcotic,187795,95960,91835,957,87.56,80.15,44.9,11396,16.5,102168
Mizoram,Traffic Ps,390454,202727,187727,926,93.6,88.95,64.01,9040,43.2,74374
Rajasthan,Discom,3167910,1653397,1514513,916,62.99,56.07,26.68,4894,647.3,81240
Uttar Pradesh,Amethi,3070794,1622183,1448611,893,64.24,54.57,18.35,11790,260.5,84852
Uttar Pradesh,Amroha,1890927,1005277,885650,881,68.34,56.67,18.42,9144,206.8,84099
Uttar Pradesh,Hapur,2524685,1296705,1227980,947,65.84,56.4,19.32,1509,1673.1,90927
Uttar Pradesh,Kasganj,2878501,1493773,1384728,927,69.38,59.95,22.74,4073,706.7,106644
Uttar Pradesh,Sambhal,3709745,1915201,1794544,937,71.26,60.79,28.2,1535,2416.8,122088
Uttar Pradesh,Shamli,2803366,1411563,1391803,986,66.01,54.36,17.07,3890,720.7,110983
Dadra & Nagar Haveli,D&N Haveli,372751,189695,183056,965,79.2,71.03,50.27,4083,91.3,126515
Delhi,Metro Rail,2111654,1080129,1031525,955,85.75,76.59,85.3,1505,1403.1,120942
Andhra Pradesh,Guntakal Railway,1498190,765554,732636,957,70.58,61.42,27.94,4639,323.0,108074
Andhra Pradesh,Vijayawada Railway,1667351,874331,793020,907,69.74,62.18,26.03,2277,732.3,116242
Arunachal Pradesh,Crime Branch,192934,100591,92343,918,63.48,55.61,29.37,9421,20.5,73947
Arunachal Pradesh,Kukung Kumey,238280,123781,114499,925,68.79,59.1,19.95,11699,20.4,119091
Arunachal Pradesh,Lower Dibang Valley,323214,166262,156952,944,66.73,61.5,19.3,1260,256.5,89297
Arunachal Pradesh,Papum Pare City,181618,93714,87904,938,65.9,61.62,20.38,4651,39.0,92506
Arunachal Pradesh,Papum Pare Rural,284966,145762,139204,955,62.7,56.29,28.68,5331,53.5,99716
Assam,G. R. P.,819922,427488,392434,918,68.23,58.32,18.12,4510,181.8,111460
Assam,N. C. Hills,1181301,607352,573949,945,70.52,58.97,18.17,7225,163.5,79633
Bihar,Jamalpur Railway,3146125,1603529,1542596,962,63.31,53.46,14.01,2361,1332.5,102654
Bihar,Katihar Railway,2451821,1273673,1178148,925,61.01,50.28,10.93,1835,1336.1,74386
Bihar,Muzaffarpur Railway,3351544,1741966,1609578,924,65.29,59.07,8.06,6830,490.7,96641
Bihar,Patna Railway,3433205,1777941,1655264,931,58.5,50.41,9.23,4358,787.8,105739
Bihar,Economic Offences Unit,4167185,2127200,2039985,959,58.98,48.15,10.42,4975,837.6,87475
Bihar,Anti Terrorist Squad,2568658,1332982,1235676,927,65.62,54.63,8.5,8951,287.0,96570
Chhattisgarh,Balodbazar,1512967,777475,735492,946,72.75,60.99,22.14,10840,139.6,79205
Chhattisgarh,Bemetra,1127821,587406,540415,920,66.99,61.33,22.85,10516,107.2,127488
Chhattisgarh,G. R. P. Raipur,632809,319600,313209,980,67.01,59.73,28.97,5442,116.3,102931
Chhattisgarh,Mungali,1244734,645274,599460,929,72.34,67.24,18.83,5075,245.3,102820
Goa,C. I. D.,468830,239077,229753,961,87.13,78.66,60.84,1100,426.2,71389
Gujarat,Ahmedabad City,5839881,3078482,2761399,897,83.0,71.35,93.72,1292,4520.0,171000
Gujarat,Arvalli,1984201,1039392,944809,909,77.34,69.4,47.4,3541,560.4,78053
Gujarat,Banaskantha,1622851,855934,766917,896,81.95,77.42,48.88,7307,222.1,103487
Gujarat,Botad,2716439,1414811,1301628,920,79.55,74.59,42.92,7242,375.1,119430
Gujarat,Chhotaudepur,1411267,735417,675850,919,74.47,67.91,52.27,2317,609.1,80558
Gujarat,C. I. D. Crime,1614440,853749,760691,891,76.85,70.53,43.36,11286,143.0,100540
Gujarat,Dang,2527918,1285817,1242101,966,75.47,70.71,49.06,6889,366.9,120979
Gujarat,Devbhumi Dwarka,2639620,1366970,1272650,931,79.48,69.97,32.27,7296,361.8,118178
Gujarat,Gir Somnath,1133860,590552,543308,920,78.15,71.17,42.21,4611,245.9,123164
Gujarat,Kachchh East(G),1299473,666738,632735,949,75.51,64.33,45.5,10111,128.5,101212
Gujarat,Kachchh West(B),2094376,1071840,1022536,954,78.41,68.36,32.73,5957,351.6,75604
Gujarat,Kheda,2624862,1335807,1289055,965,76.49,69.59,50.7,10764,243.9,105315
Gujarat,Mahisagar,2522640,1309781,1212859,926,76.74,67.06,30.56,9923,254.2,83924
Gujarat,Morbi,2695108,1381398,1313710,951,75.0,69.96,31.83,8537,315.7,115939
Gujarat,Rajkot City,1253810,641991,611819,953,80.2,70.14,30.91,2007,624.7,116454
Gujarat,Sabarkantha,2059936,1055835,1004101,951,76.02,71.49,46.88,9250,222.7,115845
Gujarat,Surat City,2812181,1446595,1365586,944,75.64,64.43,34.54,4737,593.7,76424
Gujarat,Vadodara City,2674843,1340101,1334742,996,76.78,71.5,42.62,8959,298.6,85033
Gujarat,W.Rly  Ahmedabad,7262338,3786411,3475927,918,83.0,78.21,93.72,972,7471.5,171000
Haryana,Ambala (Rural),736781,379197,357584,943,73.85,62.64,35.68,11704,63.0,76875
Haryana,Ambala (Urban),976818,499651,477167,955,75.63,65.97,32.1,7401,132.0,96310
Haryana,G. R. P.,1869297,959105,910192,949,74.64,68.93,29.19,2063,906.1,127372
Haryana,Mahendergarh,868338,442803,425535,961,72.48,67.39,40.39,8692,99.9,103006
Haryana,Irrigation & Power,768730,397481,371249,934,73.87,65.07,30.96,11733,65.5,96555
Himachal Pradesh,Baddi,657732,337298,320434,950,81.12,70.28,8.13,1579,416.5,119190
Himachal Pradesh,C. I. D.,613135,317193,295942,933,86.79,78.86,7.63,5706,107.5,108787
Himachal Pradesh,G. R. P.,390453,202832,187621,925,79.95,72.75,10.54,1939,201.4,123991
Himachal Pradesh,Lahaul & Spiti,899376,449238,450138,1002,81.51,72.75,12.94,2174,413.7,119022
Jharkhand,Dhanbad Railway,1855280,943682,911598,966,64.63,54.92,25.28,3857,481.0,116251
Jharkhand,Jamshedpur Railway,1741363,908853,832510,916,67.23,59.99,23.88,3923,443.9,115025
Karnataka,Bengaluru City,1451475,742062,709413,956,73.41,65.43,41.68,2307,629.2,76927
Karnataka,Bengaluru District,1338347,677987,660360,974,79.18,72.12,42.86,2510,533.2,106702
Karnataka,Belagavi District,1427483,730170,697313,955,72.01,62.0,44.91,9678,147.5,82760
Karnataka,Ballari,2587291,1347547,1239744,920,74.15,63.27,39.78,11468,225.6,73051
Karnataka,Vijayapura,2112333,1088270,1024063,941,78.72,71.65,34.39,5014,421.3,97450
Karnataka,Chikkaballapura,1297362,685347,612015,893,73.82,64.17,38.5,2306,562.6,112046
Karnataka,Chikkamagaluru,2229282,1159876,1069406,922,72.28,62.88,42.42,8476,263.0,103865
Karnataka,Dakshina Kannada,2205617,1126464,1079153,958,74.53,66.57,49.63,7709,286.1,91357
Karnataka,Dharwad,3234455,1688128,1546327,916,73.96,69.73,28.14,10173,317.9,91135
Karnataka,Kalaburgi,2751217,1381826,1369391,991,74.13,69.35,35.1,4802,572.9,91272
Karnataka,Hubballi Dharwad City,2585542,1327280,1258262,948,73.38,64.2,40.85,10996,235.1,74983
Karnataka,Mangaluru City,1855070,957702,897368,937,74.01,66.32,47.14,7162,259.0,122630
Karnataka,Mysuru City,1776568,913872,862696,944,76.97,68.27,49.98,5030,353.2,93497
Karnataka,Mysuru District,2403704,1236473,1167231,944,76.8,70.11,38.76,9366,256.6,90603
Karnataka,K.Railways,2490397,1291030,1199367,929,74.31,66.82,38.63,10290,242.0,116117
Karnataka,Tumakuru,2952780,1538707,1414073,919,71.78,59.81,36.43,3329,887.0,113594
Karnataka,Uttara Kannada,1418513,733081,685432,935,78.15,73.39,34.91,1553,913.4,116917
Karnataka,Belagavi City,2204300,1129830,1074470,951,76.61,70.2,45.76,5648,390.3,102027
Kerala,Crime Branch,1920184,968322,951862,983,93.22,84.22,46.36,9350,205.4,81544
Madhya Pradesh,Bhopal Railway,896974,465960,431014,925,69.91,64.21,35.25,9112,98.4,97885
Madhya Pradesh,Datia,2228886,1178058,1050828,892,69.56,60.64,32.06,5657,394.0,103518
Madhya Pradesh,Indore Railway,1778799,928391,850408,916,66.48,61.28,30.67,4163,427.3,96067
Madhya Pradesh,Jabalpur Railway,1332047,688040,644007,936,71.94,67.42,22.69,5419,245.8,118201
Madhya Pradesh,Khargone,1806761,932281,874480,938,68.55,63.64,22.5,3550,508.9,118402
Madhya Pradesh,Sehore,1543031,782073,760958,973,69.78,62.29,30.03,1214,1271.0,80333
Madhya Pradesh,Umaria,1067824,551277,516547,937,70.57,65.16,33.44,11594,92.1,98942
Madhya Pradesh,Cyber Cell,898867,452829,446038,985,72.18,67.51,29.28,10512,85.5,122582
Maharashtra,Mumbai Railway,10904303,5691181,5213122,916,87.3,82.58,99.0,1428,7636.1,171000
Maharashtra,Nagpur Railway,4105126,2086998,2018128,967,79.42,74.52,51.56,11248,365.0,101001
Maharashtra,Palghar,4429842,2220472,2209370,995,80.31,69.23,38.1,2169,2042.3,117231
Maharashtra,Pune Railway,10301965,5362813,4939152,921,87.3,78.63,99.0,737,13978.2,171000
Manipur,C. I. D.,431479,222182,209297,942,74.05,68.65,37.43,5722,75.4,85745
Meghalaya,Garo Hills South West,499581,254110,245471,966,74.32,67.32,25.51,4344,115.0,95405
Meghalaya,Khasi Hills South West,538750,270728,268022,990,77.9,71.0,22.7,9999,53.9,72451
Mizoram,Spl Traffic,438705,227544,211161,928,92.15,81.42,57.17,11337,38.7,110618
Odisha,Malkangiri,1944323,1001196,943127,942,71.37,59.7,15.33,9897,196.5,78207
Odisha,Nabarangpur,2053734,1041975,1011759,971,75.76,68.65,20.81,5201,394.9,126995
Odisha,Srp (Cuttack),1197747,605228,592519,979,70.78,65.1,20.61,11057,108.3,107237
Odisha,Srp (Rourkela),2071254,1054609,1016645,964,75.03,67.78,12.03,10504,197.2,118172
Punjab,Bathinda,1925619,1006070,919549,914,78.53,68.79,45.98,9986,192.8,118240
Punjab,G. R. P.,1623102,834929,788173,944,75.85,69.04,39.8,9910,163.8,113303
Punjab,Sas Nagar,1316577,675860,640717,948,76.93,67.89,44.05,2324,566.5,94087
Rajasthan,Praapgarh,2518007,1297273,1220734,941,64.61,59.95,19.79,6583,382.5,126520
Sikkim,Cid,214593,110387,104206,944,82.89,72.55,22.47,6157,34.9,113154
Tamil Nadu,Coimbatore,1936529,1024076,912453,891,81.6,70.99,57.1,3025,640.2,94876
Tamil Nadu,Coimbatore City,1759250,887613,871637,982,83.17,77.37,61.41,11138,158.0,108135
Tamil Nadu,Madurai,2759911,1454881,1305030,897,83.35,71.56,39.64,8654,318.9,80869
Tamil Nadu,Madurai City,2252328,1171866,1080462,922,76.81,69.87,61.39,2114,1065.4,112209
Tamil Nadu,Railway Chennai,8072767,4144130,3928637,948,85.1,73.74,99.0,817,9881.0,171000
Tamil Nadu,Railway Trichy,2865622,1455369,1410253,969,77.62,66.72,56.59,4025,712.0,99417
Tamil Nadu,Salem,1642948,835680,807268,966,82.95,74.15,62.78,3969,413.9,109849
Tamil Nadu,Salem City,2291244,1188404,1102840,928,78.42,72.33,51.82,10962,209.0,92319
Tamil Nadu,Thirunelveli,2889600,1484129,1405471,947,79.77,75.69,37.75,4420,653.8,110752
Tamil Nadu,Thirunelveli City,2895418,1499439,1395979,931,81.99,75.94,36.65,1458,1985.9,90223
Tamil Nadu,Tiruppur City,1878393,988107,890286,901,83.37,71.4,61.16,11632,161.5,105349
Tamil Nadu,Trichy,3033544,1549307,1484237,958,81.06,74.64,45.34,4954,612.3,126429
Tamil Nadu,Trichy City,2609010,1341393,1267617,945,80.74,74.66,48.51,11219,232.6,121290
Tamil Nadu,Cyber Cell,1646818,854601,792217,927,77.23,72.3,35.16,2232,737.8,120935
Tamil Nadu,Other Units,3228309,1640400,1587909,968,82.08,70.67,42.1,10621,304.0,106187
Telangana,Adilabad,2859284,1475378,1383906,938,69.64,63.12,50.44,9353,305.7,79872
Telangana,Cyberabad,3051370,1556027,1495343,961,67.76,57.37,28.47,2464,1238.4,84352
Telangana,Hyderabad City,5438276,2807576,2630700,937,71.5,64.01,85.58,1494,3640.1,171000
Telangana,Karimnagar,3207133,1620582,1586551,979,62.83,55.98,43.78,6234,514.5,99350
Telangana,Khammam,3036260,1558655,1477605,948,63.25,52.3,31.45,2684,1131.2,100248
Telangana,Mahaboob Nagar,1832862,949669,883193,930,69.63,60.94,40.85,11682,156.9,101232
Telangana,Medak,2458654,1273254,1185400,931,68.65,59.23,47.94,1090,2255.6,110084
Telangana,Nalgonda,2689342,1382695,1306647,945,65.65,56.93,49.43,10174,264.3,80015
Telangana,Nizamabad,1430232,730828,699404,957,66.13,54.49,41.1,865,1653.4,126526
Telangana,Ranga Reddy,2637962,1383304,1254658,907,70.11,63.51,44.3,9024,292.3,125821
Telangana,Secunderabad Railway,2455232,1264931,1190301,941,67.65,61.06,28.53,1592,1542.2,125508
Telangana,Warangal,2060920,1058510,1002410,947,65.69,60.27,49.75,10493,196.4,76333
Telangana,Warangal Urban,3049926,1554498,1495428,962,64.78,54.76,42.5,2150,1418.6,99228
Tripura,G. R. P.,474884,240204,234680,977,89.65,83.17,29.11,2270,209.2,109184
Tripura,Kowai,658744,344711,314033,911,90.28,82.47,27.19,5538,118.9,114369
Uttar Pradesh,Chitrakoot,3739135,1930374,1808761,937,68.61,61.14,21.31,1252,2986.5,90729
Uttar Pradesh,G. R. P.,2818340,1448273,1370067,946,64.94,56.98,24.03,6676,422.2,87820
West Bengal,North 24 Parganas,4979306,2518617,2460689,977,79.56,71.74,25.17,2231,2231.9,122715
West Bengal,South 24 Parganas,6919382,3605722,3313660,919,72.68,68.07,23.19,2005,3451.1,95470
West Bengal,Alipurduar,3333524,1721861,1611663,936,77.59,69.04,27.18,3654,912.3,75910
West Bengal,Asansol-Durgapur Pc,5296533,2692695,2603838,967,73.74,68.28,29.85,1732,3058.0,121225
West Bengal,Barrackpur Pc,4308708,2193843,2114865,964,77.0,69.36,35.16,7786,553.4,86359
West Bengal,Bidhannagar Pc,7520254,3854563,3665691,951,73.78,63.8,33.89,10562,712.0,77310
West Bengal,Howrah G. R. P.,5445004,2824172,2620832,928,72.35,67.42,25.62,6143,886.4,110682
West Bengal,Howrah Pc,7050146,3573312,3476834,973,76.19,67.24,40.97,4840,1456.6,109656
West Bengal,Howrah Rural,6193408,3205697,2987711,932,75.46,69.04,24.72,955,6485.2,77629
West Bengal,Jhargram Police District,2956249,1487046,1469203,988,73.97,64.78,34.77,5680,520.5,106935
West Bengal,Kharagpur G. R. P.,6672055,3457023,3215032,930,73.83,67.42,31.2,6108,1092.3,72493
West Bengal,Paschim Medinipur,3677306,1874264,1803042,962,80.01,72.24,38.79,7354,500.0,82726
West Bengal,Purab Medinipur,5613266,2847927,2765339,971,78.97,74.56,22.48,7860,714.2,111896
West Bengal,Sealdah G. R. P.,7581537,3862219,3719318,963,77.07,68.64,27.9,6259,1211.3,98957
West Bengal,Siliguri G. R. P.,5716988,2999469,2717519,906,77.19,67.76,37.96,6264,912.7,111964
West Bengal,Siliguri Pc,5415882,2820771,2595111,920,72.81,61.67,30.31,6101,887.7,99452
Andaman & Nicobar Islands,South Andaman,292403,149950,142453,950,85.37,75.79,26.86,4025,72.6,82205
Andaman & Nicobar Islands,North & Middle Andaman,179331,92391,86940,941,89.87,83.16,40.01,10235,17.5,108696
Delhi,Metro,1352643,691181,661462,957,84.55,74.86,99.0,10130,133.5,109617
Delhi,Railway,2468981,1264846,1204135,952,88.96,79.99,84.77,9191,268.6,109272
Delhi,Spuwac,1348828,711032,637796,897,83.8,74.95,74.15,5459,247.1,127894
Delhi,Vigilance,1671756,861285,810471,941,82.35,71.3,89.14,2576,649.0,118443
