STATE_UT,DISTRICT,SANCTIONED_POLICE_STRENGTH,ACTUAL_POLICE_STRENGTH,POLICE_VACANCY_RATE_PCT,POLICE_PER_LAKH_POPULATION,POLICE_STATIONS_COUNT,CHARGESHEET_RATE_PCT,CONVICTION_RATE_PCT
Andhra Pradesh,Adilabad,1984,1656,16.5,119.8,30,80.8,50.0
Andhra Pradesh,Anantapur,1706,1277,25.1,117.6,27,80.9,53.1
Andhra Pradesh,Chittoor,1236,896,27.5,143.7,22,68.5,45.7
Andhra Pradesh,Cuddapah,2757,2087,24.3,120.6,33,86.6,57.7
Andhra Pradesh,East Godavari,2845,2142,24.7,131.4,34,90.4,47.1
Andhra Pradesh,Guntakal Rly.,2679,1971,26.4,124.3,33,81.9,56.3
Andhra Pradesh,Guntur,941,827,12.1,118.7,13,75.6,56.1
Andhra Pradesh,Hyderabad City,4956,3944,20.4,206.4,68,83.4,42.1
Andhra Pradesh,Karimnagar,750,599,20.1,132.4,11,91.8,51.7
Andhra Pradesh,Khammam,1049,842,19.7,115.3,15,71.4,49.4
Andhra Pradesh,Krishna,904,757,16.2,125.7,20,89.4,46.6
Andhra Pradesh,Kurnool,1108,958,13.5,124.2,23,79.7,43.0
Andhra Pradesh,Mahaboobnagar,2714,2339,13.8,119.0,35,80.4,41.9
Andhra Pradesh,Medak,1597,1196,25.1,112.5,23,69.9,56.0
Andhra Pradesh,Nalgonda,1547,1314,15.0,106.5,25,85.6,48.4
Andhra Pradesh,Nellore,1390,1194,14.1,144.1,20,75.9,51.4
Andhra Pradesh,Nizamabad,1168,926,20.7,105.8,22,69.0,48.8
Andhra Pradesh,Prakasham,1504,1200,20.2,99.9,24,89.1,47.0
Andhra Pradesh,Ranga Reddy,995,758,23.8,116.1,13,90.1,55.4
Andhra Pradesh,Secunderabad Rly.,1075,889,17.3,141.5,17,75.3,41.4
Andhra Pradesh,Srikakulam,1668,1286,22.9,122.1,34,80.9,44.2
Andhra Pradesh,Vijayawada,1240,1042,15.9,126.2,18,91.2,45.7
Andhra Pradesh,Vijayawada Rly.,904,750,17.0,129.7,16,82.4,55.5
Andhra Pradesh,Visakha Rural,1612,1225,24.0,98.7,25,91.3,50.4
Andhra Pradesh,Visakhapatnam,1576,1232,21.8,144.0,28,84.5,42.0
Andhra Pradesh,Vizianagaram,817,676,17.2,132.1,10,88.4,49.3
Andhra Pradesh,Warangal,1492,1251,16.1,129.2,17,74.2,42.1
Andhra Pradesh,West Godavari,1849,1527,17.4,126.1,30,85.0,44.9
Arunachal Pradesh,Changlang,2195,1878,14.4,214.7,31,80.9,35.4
Arunachal Pradesh,Dibang Valley,2070,1819,12.1,223.5,31,86.1,34.8
Arunachal Pradesh,Kameng East,2086,1712,17.9,199.0,26,70.6,34.6
Arunachal Pradesh,Kameng West,1320,1034,21.6,180.5,25,76.3,35.2
Arunachal Pradesh,Lohit,1180,949,19.5,180.4,17,68.1,39.0
Arunachal Pradesh,Papum Pare,2529,1957,22.6,181.5,29,72.8,30.7
Arunachal Pradesh,Siang East,2406,2004,16.7,219.1,31,79.2,30.9
Arunachal Pradesh,Siang Upper,2319,1762,24.0,218.3,28,76.7,36.0
Arunachal Pradesh,Siang West,2027,1664,17.9,179.9,31,83.9,29.1
Arunachal Pradesh,Subansiri Lower,1367,1182,13.5,248.1,22,79.2,37.4
Arunachal Pradesh,Subansiri Upper,1717,1426,16.9,205.6,27,82.2,35.9
Arunachal Pradesh,Tawang,757,628,17.0,212.6,9,73.0,35.1
Arunachal Pradesh,Tirap,1825,1388,23.9,237.4,24,85.4,36.8
Assam,Barpeta,693,593,14.3,195.5,10,80.1,18.7
Assam,Bongaigaon,2814,2127,24.4,155.5,32,83.8,16.0
Assam,C.I.D.,2337,1813,22.4,147.6,29,82.1,14.3
Assam,Cachar,1498,1240,17.2,159.9,25,68.4,18.0
Assam,Darrang,1429,1210,15.3,165.3,21,80.0,16.4
Assam,Dhemaji,1366,1200,12.1,166.3,28,73.6,17.8
Assam,Dhubri,1186,986,16.8,166.6,18,73.0,15.7
Assam,Dibrugarh,1720,1429,16.9,149.1,26,81.8,17.3
Assam,G.R.P.,1660,1409,15.1,149.8,35,79.3,15.2
Assam,Goalpara,855,668,21.8,162.4,12,76.7,14.9
Assam,Golaghat,978,789,19.3,133.1,18,89.0,16.5
Assam,Guwahati City,1232,1001,18.7,168.9,26,90.5,18.0
Assam,Hailakandi,2595,2070,20.2,148.5,30,72.6,13.9
Assam,Jorhat,1890,1568,17.0,184.0,23,86.1,15.6
Assam,Kamrup,2353,1992,15.3,129.4,29,78.3,17.1
Assam,Karbi Anglong,2095,1663,20.6,190.3,35,76.2,14.4
Assam,Karimganj,2801,2041,27.1,145.2,34,75.1,15.7
Assam,Kokrajhar,596,439,26.3,145.6,12,84.1,16.1
Assam,Lakhimpur,2181,1581,27.5,141.0,29,79.6,15.4
Assam,Morigaon,1523,1105,27.4,133.3,32,80.5,16.0
Assam,N.C.Hills,665,534,19.6,154.6,13,71.9,13.8
Assam,Nagaon,378,294,22.0,166.0,8,80.0,17.9
Assam,Nalbari,641,491,23.3,145.0,13,77.8,14.4
Assam,R.P.O.,2294,1720,25.0,173.4,30,83.2,15.6
Assam,Sibsagar,1752,1373,21.6,191.0,30,73.7,18.3
Assam,Sonitpur,484,408,15.6,184.8,9,80.3,14.5
Assam,Tinsukia,1673,1221,27.0,145.2,32,74.5,13.5
Bihar,Araria,1605,1178,26.6,66.8,25,86.2,46.8
Bihar,Arwal,1647,1360,17.4,80.7,35,88.5,35.0
Bihar,Aurangabad,958,773,19.3,84.4,12,72.0,44.8
Bihar,Bagaha,1762,1335,24.2,74.1,23,74.9,43.9
Bihar,Banka,600,468,22.0,90.0,9,75.9,42.4
Bihar,Begusarai,1488,1264,15.0,82.7,18,68.9,38.3
Bihar,Bettiah,1034,853,17.5,76.1,12,89.2,35.6
Bihar,Bhabhua,1506,1275,15.3,73.2,28,78.5,34.9
Bihar,Bhagalpur,2897,2248,22.4,86.7,35,85.8,45.4
Bihar,Bhojpur,1935,1443,25.4,79.8,25,85.6,45.0
Bihar,Buxar,2582,1939,24.9,75.3,35,79.7,46.9
Bihar,Darbhanga,2070,1711,17.3,70.8,30,73.3,42.6
Bihar,Gaya,669,568,15.0,85.1,8,81.8,43.0
Bihar,Gopalganj,1382,1112,19.5,80.6,18,78.6,34.8
Bihar,Jamalpur Rly.,2687,2211,17.7,61.5,32,80.0,43.9
Bihar,Jamui,1194,1047,12.3,86.8,17,70.0,42.3
Bihar,Jehanabad,2084,1615,22.5,91.3,27,91.2,33.7
Bihar,Katihar,1354,1123,17.0,81.2,23,70.2,40.6
Bihar,Katihar Rly.,1965,1507,23.3,79.9,30,86.7,37.3
Bihar,Khagaria,1583,1150,27.3,77.1,22,81.4,47.2
Bihar,Kishanganj,2131,1555,27.0,68.2,28,88.5,35.6
Bihar,Lakhisarai,911,727,20.1,86.8,20,91.8,37.8
Bihar,Madhepura,1724,1480,14.1,73.9,29,83.9,43.5
Bihar,Madhubani,2518,2210,12.2,80.4,31,69.8,40.3
Bihar,Motihari,1454,1083,25.5,87.5,18,91.2,38.3
Bihar,Munger,1444,1058,26.7,85.9,20,86.5,40.6
Bihar,Muzaffarpur,1625,1360,16.3,88.5,30,86.6,33.8
Bihar,Muzaffarpur Rly.,1485,1136,23.5,89.4,28,75.7,33.8
Bihar,Nalanda,1008,748,25.7,80.5,15,70.9,45.6
Bihar,Naugachia,1201,1050,12.5,83.5,26,73.1,37.2
Bihar,Nawadah,1827,1415,22.5,75.7,35,72.3,46.1
Bihar,Patna,849,625,26.3,71.5,12,75.8,34.5
Bihar,Patna Rly.,2267,1813,20.0,70.4,27,74.7,38.3
Bihar,Purnea,1178,903,23.3,69.0,20,69.1,45.5
Bihar,Rohtas,1235,1071,13.2,94.8,22,74.1,36.2
Bihar,Saharsa,1382,1111,19.6,94.9,27,79.3,39.2
Bihar,Samastipur,1054,816,22.5,91.5,14,83.2,43.4
Bihar,Saran,696,600,13.7,82.5,11,73.8,41.7
Bihar,Sheikhpura,1109,881,20.5,87.8,13,71.8,39.3
Bihar,Sheohar,1064,825,22.4,85.6,19,90.4,34.6
Bihar,Sitamarhi,453,326,27.9,90.5,8,77.3,40.5
Bihar,Siwan,1243,1029,17.2,89.0,18,80.0,42.8
Bihar,Supaul,1649,1338,18.8,87.3,29,79.0,42.0
Bihar,Vaishali,2295,1689,26.4,82.5,32,91.1,38.4
Chhattisgarh,Balrampur,2309,2018,12.6,200.5,33,79.4,46.6
Chhattisgarh,Bilaspur,637,533,16.3,217.8,10,76.8,52.6
Chhattisgarh,Bizapur,1038,760,26.7,182.9,14,69.8,47.1
Chhattisgarh,Dantewara,463,385,16.8,179.8,8,87.8,41.4
Chhattisgarh,Dhamtari,442,360,18.5,204.3,8,80.5,52.7
Chhattisgarh,Durg,640,508,20.6,192.4,8,88.5,47.7
Chhattisgarh,Grp Raipur,567,413,27.0,181.7,9,69.6,51.0
Chhattisgarh,Jagdalpur,1449,1207,16.7,185.7,24,70.0,41.0
Chhattisgarh,Janjgir,1290,1122,13.0,145.7,28,68.2,47.6
Chhattisgarh,Jashpur,476,366,23.1,174.9,8,80.5,43.6
Chhattisgarh,Kanker,1386,1028,25.8,159.9,18,89.6,50.9
Chhattisgarh,Kawardha,2370,1969,16.9,176.2,27,78.9,53.4
Chhattisgarh,Korba,1794,1374,23.4,176.6,33,71.9,44.6
Chhattisgarh,Koriya,920,794,13.6,211.2,13,68.3,42.0
Chhattisgarh,Mahasamund,939,775,17.4,191.4,14,78.1,48.6
Chhattisgarh,Raigarh,909,779,14.2,154.9,14,69.7,46.1
Chhattisgarh,Raipur,2007,1691,15.7,172.7,28,81.7,49.4
Chhattisgarh,Rajnandgaon,1658,1270,23.4,194.2,28,78.2,51.5
Chhattisgarh,Sarguja,2034,1474,27.5,180.8,27,85.0,41.6
Goa,North Goa,1401,1196,14.6,363.2,16,88.2,30.0
Goa,South Goa,2879,2084,27.6,347.8,32,82.8,31.0
Gujarat,Ahmedabad Commr.,5130,3765,26.6,213.6,93,85.0,40.5
Gujarat,Ahmedabad Rural,1279,974,23.8,155.5,17,68.5,33.8
Gujarat,Ahwa-Dang,999,833,16.6,142.5,18,71.2,32.7
Gujarat,Amreli,1120,935,16.5,131.1,18,80.3,32.5
Gujarat,Anand,959,746,22.2,128.5,11,77.5,31.6
Gujarat,Bharuch,1309,973,25.6,158.3,19,77.5,37.3
Gujarat,Bhavnagar,2057,1764,14.2,152.2,25,68.5,34.1
Gujarat,Dahod,1831,1506,17.7,114.3,30,81.3,43.6
Gujarat,Gandhinagar,1627,1203,26.0,141.9,20,79.2,31.9
Gujarat,Himatnagar,623,545,12.4,142.3,11,70.6,36.5
Gujarat,Jamnagar,688,550,20.0,132.2,8,68.4,42.2
Gujarat,Junagadh,1120,883,21.1,157.9,23,69.9,43.0
Gujarat,Kheda North,1601,1338,16.4,145.0,22,81.4,43.6
Gujarat,Kutch,522,454,12.9,166.4,8,68.5,44.0
Gujarat,Mehsana,559,422,24.4,144.3,11,79.1,40.4
Gujarat,Narmada,2631,2075,21.1,119.2,32,88.4,36.7
Gujarat,Navsari,2538,1974,22.2,122.4,30,76.1,42.6
Gujarat,Palanpur,1156,906,21.6,137.8,25,69.0,42.3
Gujarat,Panchmahal,2526,1821,27.9,112.9,34,70.0,34.7
Gujarat,Patan,695,600,13.6,130.3,11,71.9,43.3
Gujarat,Porbandar,891,740,16.9,167.0,16,84.4,38.9
Gujarat,Rajkot Commr.,4095,2972,27.4,201.8,73,89.5,35.8
Gujarat,Rajkot Rural,3005,2385,20.6,168.5,34,69.8,40.7
Gujarat,Surat Commr.,7059,5506,22.0,220.4,93,73.5,40.5
Gujarat,Surat Rural,1939,1564,19.3,125.1,32,73.3,41.4
Gujarat,Surendranagar,1894,1448,23.5,133.2,32,74.7,42.0
Gujarat,Vadodara Commr.,3478,2545,26.8,238.9,52,84.4,36.0
Gujarat,Vadodara Rural,2095,1711,18.3,127.9,29,89.5,36.1
Gujarat,Valsad,917,718,21.6,154.0,14,81.9,34.8
Gujarat,W.Rly,1882,1531,18.6,155.8,27,82.8,42.9
Haryana,Ambala,1064,863,18.8,162.0,22,68.6,42.6
Haryana,Bhiwani,1171,929,20.6,161.3,19,87.1,36.0
Haryana,Faridabad,855,665,22.2,148.8,18,78.9,42.5
Haryana,Fatehabad,1406,1221,13.1,138.8,17,81.2,45.8
Haryana,Grp,2520,2194,12.9,155.9,29,72.7,43.2
Haryana,Gurgaon,1466,1162,20.7,144.1,27,69.8,47.3
Haryana,Hissar,2283,1924,15.7,172.9,35,83.4,40.2
Haryana,Jhajjar,858,634,26.0,188.5,17,89.3,36.6
Haryana,Jind,397,337,15.0,138.6,8,86.8,40.8
Haryana,Kaithal,1938,1515,21.8,144.7,27,77.8,48.3
Haryana,Karnal,1807,1496,17.2,164.0,22,68.2,46.2
Haryana,Kurukshetra,576,471,18.2,150.3,9,73.0,41.1
Haryana,Mahendragarh,1310,1083,17.3,155.0,23,87.7,47.6
Haryana,Panchkula,743,552,25.7,128.0,14,89.3,38.1
Haryana,Panipat,1772,1355,23.5,147.6,33,81.4,36.6
Haryana,Rewari,1112,823,25.9,148.3,17,88.4,47.5
Haryana,Rohtak,2904,2178,25.0,174.6,33,77.0,48.7
Haryana,Sirsa,631,496,21.3,157.7,13,74.8,47.5
Haryana,Sonipat,1894,1511,20.2,172.7,31,74.1,38.2
Haryana,Yamunanagar,1518,1209,20.3,135.2,19,79.4,44.3
Himachal Pradesh,Bilaspur,1087,923,15.0,162.6,20,91.7,29.2
Himachal Pradesh,Chamba,1511,1320,12.6,197.5,33,69.2,36.7
Himachal Pradesh,G.R.P.,2972,2264,23.8,196.4,34,70.7,31.0
Himachal Pradesh,Hamirpur,1095,889,18.8,164.6,18,81.0,40.3
Himachal Pradesh,Kangra,1332,971,27.1,162.9,24,86.1,32.3
Himachal Pradesh,Kinnaur,2642,2073,21.5,208.6,31,78.0,33.8
Himachal Pradesh,Kullu,2156,1806,16.2,217.3,28,86.4,32.0
Himachal Pradesh,Lahaul-Spiti,2331,1834,21.3,164.5,26,72.5,35.6
Himachal Pradesh,Mandi,988,796,19.4,175.3,14,72.3,37.3
Himachal Pradesh,Shimla,1418,1128,20.4,224.1,18,83.3,28.9
Himachal Pradesh,Sirmaur,1030,879,14.6,212.5,21,82.7,36.0
Himachal Pradesh,Solan,2000,1480,26.0,180.0,31,70.3,29.2
Himachal Pradesh,Una,2495,1946,22.0,214.0,35,88.0,31.7
Jammu & Kashmir,Anantnag,1360,1070,21.3,350.2,25,89.9,51.7
Jammu & Kashmir,Awantipora,1431,1090,23.8,403.1,16,76.2,47.7
Jammu & Kashmir,Baramulla,2763,2423,12.3,408.2,35,89.6,43.9
Jammu & Kashmir,Border,2697,2327,13.7,379.2,35,87.5,47.3
Jammu & Kashmir,Budgam,1338,1054,21.2,386.9,21,79.8,49.8
Jammu & Kashmir,Crime Jammu,1147,894,22.0,289.5,14,73.0,53.6
Jammu & Kashmir,Crime Srinagar,1352,1050,22.3,298.5,16,71.2,52.2
Jammu & Kashmir,Doda,2832,2438,13.9,346.0,35,90.0,49.0
Jammu & Kashmir,Ganderbal,843,622,26.1,374.7,12,75.4,51.4
Jammu & Kashmir,Jammu,1587,1209,23.8,301.0,35,72.7,52.5
Jammu & Kashmir,Kargil,1402,1145,18.3,320.5,20,71.9,48.9
Jammu & Kashmir,Kathua,2116,1597,24.5,321.8,26,87.5,49.1
Jammu & Kashmir,Kulgam,1896,1463,22.8,300.6,29,72.6,42.0
Jammu & Kashmir,Kupwara,2087,1807,13.4,360.8,31,77.8,53.0
Jammu & Kashmir,Leh,678,559,17.5,319.6,8,87.5,51.2
Jammu & Kashmir,Poonch,975,839,13.9,409.8,12,88.6,39.5
Jammu & Kashmir,Pulwama,2043,1515,25.8,305.9,25,79.4,53.1
Jammu & Kashmir,Railways,1795,1373,23.5,329.9,33,80.6,39.6
Jammu & Kashmir,Rajouri,1127,867,23.0,290.9,25,70.4,39.8
Jammu & Kashmir,Ramban,617,481,22.0,341.2,9,78.7,52.4
Jammu & Kashmir,Reasi,848,741,12.6,317.4,18,68.2,50.4
Jammu & Kashmir,Srinagar,1363,990,27.3,393.5,24,84.9,39.9
Jammu & Kashmir,Udhampur,1295,1102,14.9,373.7,18,88.5,52.4
Jharkhand,Bokaro,1827,1410,22.8,135.7,22,82.3,36.0
Jharkhand,Chaibasa,925,694,24.9,126.6,11,78.2,40.7
Jharkhand,Chatra,1514,1121,25.9,134.9,22,79.2,38.6
Jharkhand,Deoghar,2106,1533,27.2,135.3,34,82.2,45.4
Jharkhand,Dhanbad,900,769,14.5,120.3,16,89.2,33.4
Jharkhand,Dhanbad Rly.,813,671,17.4,136.7,13,78.3,43.3
Jharkhand,Dumka,1691,1418,16.1,147.3,22,74.8,37.1
Jharkhand,Garhwa,642,520,19.0,130.1,8,89.4,42.2
Jharkhand,Giridih,1830,1601,12.5,138.3,30,83.8,42.0
Jharkhand,Godda,710,612,13.7,106.7,15,81.3,32.8
Jharkhand,Gumla,813,687,15.4,136.8,13,76.3,43.3
Jharkhand,Hazaribagh,1318,1121,14.9,118.1,24,74.4,38.1
Jharkhand,Jamshedpur,2572,2253,12.4,117.4,29,76.1,40.9
Jharkhand,Jamshedpur Rly.,919,716,22.0,121.9,14,68.7,35.7
Jharkhand,Jamtara,1064,802,24.6,150.2,21,90.4,38.4
Jharkhand,Koderma,952,823,13.5,111.1,11,72.9,33.1
Jharkhand,Latehar,1430,1252,12.4,144.4,21,73.1,45.0
Jharkhand,Lohardagga,1493,1088,27.1,143.6,22,82.4,33.7
Jharkhand,Pakur,1649,1381,16.2,136.4,33,82.8,43.6
Jharkhand,Palamu,1107,952,14.0,122.0,13,68.3,33.9
Jharkhand,Ranchi,1408,1129,19.8,133.2,22,76.5,33.3
Jharkhand,Sahebganj,1138,844,25.8,123.6,17,91.5,36.3
Jharkhand,Saraikela,1697,1272,25.0,146.8,20,91.1,41.0
Jharkhand,Simdega,870,693,20.3,156.3,11,81.9,43.6
Karnataka,Bagalkot,931,729,21.6,115.0,11,70.4,45.7
Karnataka,Bangalore Commr.,5230,4116,21.3,202.6,68,90.5,42.7
Karnataka,Bangalore Rural,2895,2486,14.1,231.4,45,79.1,46.9
Karnataka,Belgaum,1433,1255,12.4,132.6,18,76.0,39.1
Karnataka,Bellary,1437,1224,14.8,121.8,24,72.0,51.3
Karnataka,Bidar,880,734,16.5,127.2,16,68.2,39.7
Karnataka,Bijapur,782,571,26.9,122.8,13,68.8,52.5
Karnataka,Chamarajnagar,1358,1079,20.5,116.1,16,71.7,49.7
Karnataka,Chickmagalur,1297,975,24.8,144.3,15,88.7,38.2
Karnataka,Chitradurga,1509,1285,14.8,123.9,18,89.0,48.1
Karnataka,Dakshin Kannada,1597,1395,12.6,160.8,29,74.5,50.2
Karnataka,Davanagere,1504,1254,16.6,147.5,28,89.3,42.6
Karnataka,Dharwad Commr.,1632,1292,20.8,236.6,34,81.8,43.4
Karnataka,Dharwad Rural,2263,1971,12.9,162.5,33,88.0,51.3
Karnataka,Gadag,2587,1872,27.6,166.3,33,86.9,51.5
Karnataka,Gulbarga,506,385,23.8,138.3,9,75.4,45.0
Karnataka,Hassan,2729,2109,22.7,147.6,32,78.3,50.5
Karnataka,Haveri,1085,916,15.5,146.4,23,71.9,46.9
Karnataka,K.G.F.,981,796,18.8,139.9,15,86.6,49.0
Karnataka,Kodagu,2415,1847,23.5,128.1,34,77.9,43.5
Karnataka,Kolar,890,650,26.9,123.8,16,82.0,39.3
Karnataka,Koppal,1510,1298,14.0,127.6,25,75.7,41.6
Karnataka,Mandya,1165,844,27.5,120.8,15,87.2,49.8
Karnataka,Mysore Commr.,6677,5121,23.3,216.2,75,77.1,42.7
Karnataka,Mysore Rural,929,749,19.3,162.6,20,78.5,44.5
Karnataka,Raichur,631,513,18.7,117.7,11,78.9,40.3
Karnataka,Railways,1624,1273,21.6,149.9,23,70.2,46.6
Karnataka,Shimoga,1503,1265,15.8,138.7,24,68.0,53.2
Karnataka,Tumkur,652,508,22.0,167.6,13,71.5,40.9
Karnataka,Udupi,931,776,16.6,125.8,11,72.6,45.7
Karnataka,Uttar Kannada,2638,2171,17.7,139.0,33,80.0,49.2
Kerala,Alapuzha,2088,1762,15.6,134.1,27,78.9,78.1
Kerala,Cbcid,1406,1065,24.2,160.0,24,86.0,83.4
Kerala,Ernakulam,2465,1777,27.9,166.9,32,71.1,83.7
Kerala,Idukki,901,730,18.9,121.3,17,71.5,71.9
Kerala,Kannur,702,520,25.8,137.1,10,76.7,77.1
Kerala,Kasargod,840,714,15.0,131.6,11,89.8,88.0
Kerala,Kollam,1632,1385,15.1,138.7,24,70.0,83.4
Kerala,Kottayam,1142,880,22.9,162.7,14,90.2,88.0
Kerala,Kozhikode,1897,1570,17.2,155.3,32,85.6,88.0
Kerala,Malappuram,1450,1049,27.6,148.4,20,82.5,82.7
Kerala,Palakkad,2540,1930,24.0,143.0,29,87.4,80.7
Kerala,Pathanamthitta,2221,1736,21.8,165.7,25,72.7,85.6
Kerala,Railways,1735,1257,27.5,138.1,31,75.8,88.0
Kerala,Thrissur,820,679,17.1,116.1,13,84.8,88.0
Kerala,Trivandrum,1197,1012,15.4,120.8,23,72.7,85.9
Kerala,Wayanadu,1176,970,17.5,145.2,18,78.7,88.0
Madhya Pradesh,Balaghat,1485,1146,22.8,141.8,30,70.8,55.3
Madhya Pradesh,Barwani,2009,1456,27.5,137.0,24,89.7,55.3
Madhya Pradesh,Betul,918,748,18.5,104.1,11,87.5,49.2
Madhya Pradesh,Bhind,619,544,12.1,138.1,8,77.9,46.2
Madhya Pradesh,Bhopal,1689,1398,17.2,138.1,33,81.7,49.5
Madhya Pradesh,Bhopal Rly.,2007,1746,13.0,147.6,27,82.9,45.8
Madhya Pradesh,Chhatarpur,1351,1187,12.1,133.6,28,90.1,49.2
Madhya Pradesh,Chhindwara,987,759,23.1,116.6,16,85.6,47.8
Madhya Pradesh,Damoh,1050,757,27.9,121.4,15,83.7,56.5
Madhya Pradesh,Datiya,429,364,15.1,128.6,8,81.8,56.2
Madhya Pradesh,Dewas,866,753,13.0,94.1,17,73.9,53.4
Madhya Pradesh,Dhar,1437,1257,12.5,132.7,26,73.4,47.9
Madhya Pradesh,Dindori,2290,1980,13.5,125.4,35,70.2,57.0
Madhya Pradesh,Guna,968,702,27.4,116.3,21,75.3,54.2
Madhya Pradesh,Gwalior,1097,886,19.2,105.1,23,83.9,51.7
Madhya Pradesh,Harda,1441,1262,12.4,120.8,20,68.1,59.6
Madhya Pradesh,Hoshangabad,1661,1391,16.2,122.5,31,82.9,50.1
Madhya Pradesh,Indore,555,452,18.5,127.3,8,85.0,47.0
Madhya Pradesh,Indore Rly.,929,800,13.8,112.2,14,71.8,58.6
Madhya Pradesh,Jabalpur,789,594,24.7,126.0,12,73.8,56.3
Madhya Pradesh,Jabalpur Rly.,860,653,24.0,115.9,15,79.8,54.4
Madhya Pradesh,Jhabua,1333,974,26.9,117.8,20,86.0,50.6
Madhya Pradesh,Katni,2545,1952,23.3,96.5,32,82.5,58.4
Madhya Pradesh,Khandwa,2330,1919,17.6,119.9,34,78.8,47.2
Madhya Pradesh,Khargon,1613,1385,14.1,107.6,28,87.6,62.6
Madhya Pradesh,Mandla,2208,1684,23.7,106.3,30,73.3,60.8
Madhya Pradesh,Mandsaur,1168,978,16.2,129.6,16,82.3,55.3
Madhya Pradesh,Morena,1247,957,23.2,117.7,22,75.2,58.6
Madhya Pradesh,Narsinghpur,1264,987,21.9,130.8,22,68.8,55.3
Madhya Pradesh,Neemuch,2717,2067,23.9,109.8,35,80.1,63.0
Madhya Pradesh,Panna,764,663,13.1,112.6,12,77.8,63.7
Madhya Pradesh,Raisen,2424,1786,26.3,132.1,35,68.3,47.0
Madhya Pradesh,Rajgarh,962,801,16.7,123.3,18,89.2,63.5
Madhya Pradesh,Ratlam,1360,1127,17.1,104.1,18,90.0,54.7
Madhya Pradesh,Rewa,1337,1168,12.6,109.2,18,68.3,56.8
Madhya Pradesh,Sagar,1392,1128,18.9,134.4,21,81.9,57.6
Madhya Pradesh,Satna,2803,2441,12.9,128.9,32,78.6,46.8
Madhya Pradesh,Seoni,795,638,19.7,114.0,9,75.4,57.0
Madhya Pradesh,Shahdol,2007,1635,18.5,117.2,30,75.8,53.0
Madhya Pradesh,Shajapur,1645,1246,24.2,113.6,22,74.1,63.3
Madhya Pradesh,Sheopur,1595,1220,23.5,125.2,18,91.8,50.7
Madhya Pradesh,Shivpuri,1881,1538,18.2,116.6,32,84.3,51.0
Madhya Pradesh,Sidhi,1849,1355,26.7,98.0,31,92.0,60.1
Madhya Pradesh,Sihore,1438,1137,20.9,123.4,17,81.0,59.1
Madhya Pradesh,Tikamgarh,412,312,24.1,109.8,8,70.7,51.9
Madhya Pradesh,Ujjain,1573,1154,26.6,114.4,21,91.7,61.6
Madhya Pradesh,Umariya,1533,1221,20.3,137.5,29,72.7,51.5
Madhya Pradesh,Vidisha,1678,1281,23.6,111.1,27,82.1,50.9
Maharashtra,Ahmednagar,2294,1798,21.6,150.1,26,81.4,59.6
Maharashtra,Akola,1433,1183,17.4,134.3,21,89.0,49.5
Maharashtra,Amravati Commr.,4675,3426,26.7,226.5,70,81.5,64.8
Maharashtra,Amravati Rural,1418,1235,12.9,180.6,20,81.4,49.6
Maharashtra,Aurangabad Commr.,7086,5484,22.6,229.4,92,90.4,56.3
Maharashtra,Aurangabad Rural,1164,941,19.1,161.9,13,72.2,53.8
Maharashtra,Beed,1244,966,22.3,166.9,22,78.5,48.7
Maharashtra,Bhandara,748,548,26.7,136.2,13,70.2,52.0
Maharashtra,Buldhana,1854,1555,16.1,137.5,22,89.8,49.9
Maharashtra,Chandrapur,1352,1122,17.0,149.4,16,71.9,65.2
Maharashtra,Dhule,1798,1522,15.3,160.5,32,78.6,66.9
Maharashtra,Gadchiroli,1126,948,15.8,152.0,18,82.8,60.0
Maharashtra,Gondia,1865,1620,13.1,156.1,22,74.0,51.4
Maharashtra,Hingoli,863,670,22.3,123.0,10,78.9,60.2
Maharashtra,Jalgaon,1457,1280,12.1,148.3,18,70.7,51.8
Maharashtra,Jalna,684,561,17.9,132.8,9,86.8,57.5
Maharashtra,Kolhapur,1049,874,16.6,144.5,17,80.8,49.9
Maharashtra,Latur,1420,1116,21.4,150.2,31,70.1,56.4
Maharashtra,Mumbai,6605,5184,21.5,228.5,76,87.2,54.2
Maharashtra,Mumbai Rly.,6431,5562,13.5,262.4,78,85.8,57.5
Maharashtra,Nagpur Commr.,4374,3630,17.0,239.3,57,71.0,49.1
Maharashtra,Nagpur Rly.,1286,1027,20.1,144.3,22,78.1,58.1
Maharashtra,Nagpur Rural,742,630,15.0,141.4,14,83.8,64.1
Maharashtra,Nanded,1364,1182,13.3,166.4,28,75.1,56.2
Maharashtra,Nandurbar,715,584,18.3,148.2,9,76.2,61.7
Maharashtra,Nasik Commr.,3973,3381,14.9,249.3,78,84.1,50.8
Maharashtra,Nasik Rural,1072,887,17.2,154.1,13,72.6,62.0
Maharashtra,Navi Mumbai,4011,3160,21.2,263.1,52,74.8,67.7
Maharashtra,Osmanabad,1205,930,22.8,163.4,24,79.3,56.2
Maharashtra,Parbhani,1240,1023,17.5,126.0,27,73.2,65.7
Maharashtra,Pune Commr.,4060,3556,12.4,258.5,70,76.4,65.6
Maharashtra,Pune Rly.,3115,2376,23.7,245.9,59,72.2,52.4
Maharashtra,Pune Rural,1533,1186,22.6,251.3,30,68.1,48.7
Maharashtra,Raigad,749,653,12.7,172.8,9,74.0,57.3
Maharashtra,Ratnagiri,1542,1210,21.5,141.2,27,71.3,57.4
Maharashtra,Sangli,2216,1666,24.8,138.2,35,91.6,60.6
Maharashtra,Satara,2519,1816,27.9,150.6,32,69.0,54.4
Maharashtra,Sindhudurg,1449,1247,13.9,174.6,29,75.6,60.8
Maharashtra,Solapur Commr.,3766,3265,13.3,249.8,46,70.1,55.6
Maharashtra,Solapur Rural,754,591,21.5,153.2,11,70.1,60.8
Maharashtra,Thane Commr.,2352,2062,12.3,252.1,47,68.4,63.9
Maharashtra,Thane Rural,1783,1410,20.9,143.4,32,77.8,60.6
Maharashtra,Wardha,658,496,24.6,149.1,8,91.1,62.4
Maharashtra,Washim,2646,2098,20.7,131.5,33,86.5,52.7
Maharashtra,Yavatmal,1510,1253,17.0,146.5,18,87.2,51.9
Manipur,Bishnupur,2484,2021,18.6,351.7,28,72.1,23.3
Manipur,Chandel,840,632,24.7,336.2,16,74.1,23.6
Manipur,Churachandpur,713,600,15.8,315.3,10,84.7,24.7
Manipur,Imphal(East),1006,883,12.2,419.9,12,87.1,19.1
Manipur,Imphal(West),606,500,17.4,341.5,9,81.9,18.2
Manipur,Senapati,1046,825,21.1,397.6,14,90.0,23.8
Manipur,Tamenglong,2484,2111,15.0,370.8,29,89.3,19.4
Manipur,Thoubal,1870,1563,16.4,346.4,25,76.7,24.2
Manipur,Ukhrul,562,407,27.5,358.2,8,81.3,24.0
Meghalaya,Garo Hills East,1468,1200,18.2,308.6,17,86.5,19.2
Meghalaya,Garo Hills South,418,303,27.4,249.4,9,88.8,20.6
Meghalaya,Garo Hills West,1039,749,27.9,318.7,23,78.2,15.5
Meghalaya,Jaintia Hills,612,466,23.7,252.9,8,91.3,19.8
Meghalaya,Khasi Hills East,1694,1451,14.3,278.8,21,69.5,21.7
Meghalaya,Khasi Hills West,1557,1296,16.7,278.5,29,88.8,16.8
Meghalaya,Ri-Bhoi,2966,2488,16.1,248.9,33,81.3,20.4
Mizoram,Aizawl,2455,1927,21.5,484.5,31,83.4,70.5
Mizoram,Champhai,1546,1345,13.0,382.6,26,77.4,60.2
Mizoram,Kolasib,1127,927,17.7,382.9,22,77.5,67.4
Mizoram,Lawngtlai,1668,1329,20.3,398.4,23,74.1,79.3
Mizoram,Lunglei,2687,2066,23.1,495.3,31,77.9,69.6
Mizoram,Mamit,2613,2213,15.3,500.2,30,70.5,73.4
Mizoram,Saiha,708,574,18.8,394.0,9,84.0,66.6
Mizoram,Serchhip,582,473,18.7,394.2,9,73.9,70.9
Nagaland,Dimapur,989,759,23.2,450.9,19,72.1,42.6
Nagaland,Kiphire,1712,1489,13.0,434.4,27,90.3,39.8
Nagaland,Kohima,575,458,20.3,368.0,9,91.2,42.1
Nagaland,Mokokchung,852,714,16.1,423.4,13,88.7,36.5
Nagaland,Mon,1095,928,15.2,443.5,21,80.9,44.1
Nagaland,Peren,1124,955,15.0,407.2,22,91.2,47.6
Nagaland,Phek,1402,1016,27.5,427.6,27,78.1,37.1
Nagaland,Tuensang,1140,916,19.6,502.5,15,70.0,42.7
Nagaland,Wokha,1678,1454,13.3,440.0,24,70.8,49.8
Nagaland,Zunheboto,1230,920,25.2,397.8,23,87.4,37.9
Odisha,Angul,728,551,24.2,95.4,10,81.1,16.7
Odisha,Balasore,2092,1711,18.2,99.2,35,85.9,19.4
Odisha,Baragarh,2024,1663,17.8,104.1,31,72.0,17.2
Odisha,Berhampur,1913,1471,23.1,115.2,24,71.9,15.8
Odisha,Bhadrak,811,625,22.9,103.0,12,87.6,18.8
Odisha,Bolangir,1446,1214,16.0,126.0,17,76.1,21.7
Odisha,Boudh,1332,1098,17.5,110.7,16,71.5,16.3
Odisha,Cuttack,1420,1232,13.2,133.6,26,77.3,17.6
Odisha,Deogarh,1549,1291,16.6,96.4,24,74.2,18.5
Odisha,Dhenkanal,2140,1590,25.7,117.0,35,81.3,17.6
Odisha,Gajapati,1468,1233,16.0,100.3,25,75.3,21.4
Odisha,Ganjam,2794,2265,18.9,109.6,35,73.7,16.6
Odisha,Jagatsinghpur,1309,998,23.7,108.0,22,90.8,15.9
Odisha,Jajpur,977,708,27.5,104.8,16,72.7,20.7
Odisha,Jharsuguda,1666,1327,20.3,114.0,19,89.2,21.1
Odisha,Kalahandi,1537,1149,25.2,111.7,30,91.5,19.3
Odisha,Kandhamal,2323,1888,18.7,117.0,31,85.8,16.6
Odisha,Kendrapara,840,732,12.8,98.3,16,81.6,20.4
Odisha,Keonjhar,1256,1002,20.2,109.5,15,91.0,22.1
Odisha,Khurda,590,436,26.0,97.7,9,82.7,20.4
Odisha,Koraput,565,428,24.1,116.8,11,79.1,16.3
Odisha,Malkangir,1504,1100,26.8,107.6,20,73.3,16.1
Odisha,Mayurbhanj,1278,1078,15.6,97.9,21,81.7,16.0
Odisha,Nayagarh,1657,1237,25.3,122.1,30,79.8,18.3
Odisha,Nowrangpur,1119,983,12.1,103.8,15,84.0,18.3
Odisha,Nuapada,1192,926,22.3,119.0,17,88.8,15.9
Odisha,Puri,1270,1061,16.4,113.4,22,73.0,21.9
Odisha,Rayagada,947,710,25.0,96.0,12,70.0,17.8
Odisha,Rourkela,2023,1656,18.1,105.1,23,85.5,17.4
Odisha,Sambalpur,1435,1123,21.7,125.9,21,83.3,20.2
Odisha,Sonepur,1642,1438,12.4,133.4,29,88.0,17.4
Odisha,Srp(Cuttack),1313,1056,19.5,110.5,28,78.8,18.2
Odisha,Srp(Rourkela),2524,1951,22.7,120.0,31,81.1,16.0
Odisha,Sundargarh,746,654,12.2,123.6,12,83.6,21.6
Punjab,Amritsar,630,504,20.0,178.0,11,88.5,32.4
Punjab,Barnala,1053,793,24.6,214.4,13,88.7,38.8
Punjab,Batala,409,312,23.6,245.6,9,89.6,35.4
Punjab,Bhatinda,2026,1628,19.6,263.5,32,87.1,34.5
Punjab,Faridkot,880,716,18.6,226.7,13,70.6,37.8
Punjab,Fatehgarh Sahib,840,694,17.3,236.3,12,72.3,39.3
Punjab,Ferozepur,1341,1104,17.6,222.7,27,76.4,37.1
Punjab,G.R.P,1694,1314,22.4,210.7,27,84.9,37.8
Punjab,Gurdaspur,2522,2166,14.1,245.6,34,75.5,33.6
Punjab,Hoshiarpur,1831,1563,14.6,218.6,21,81.5,37.1
Punjab,Jagraon,1225,1054,13.9,207.2,27,82.6,41.6
Punjab,Jalandhar,1059,839,20.7,246.9,13,74.6,33.5
Punjab,Kapurthala,2069,1557,24.7,199.7,32,82.2,38.0
Punjab,Khanna,829,611,26.2,215.9,16,90.4,33.3
Punjab,Ludhiana,1099,901,18.0,227.7,22,89.8,32.7
Punjab,Majitha,1873,1580,15.6,224.5,27,79.2,40.5
Punjab,Mansa,561,468,16.5,229.5,9,71.5,41.1
Punjab,Moga,2421,1757,27.4,242.2,33,79.8,31.7
Punjab,Muktsar,632,477,24.4,213.2,9,86.1,33.5
Punjab,Nawan Shahr,622,457,26.4,214.8,12,76.3,34.4
Punjab,Patiala,1192,975,18.2,220.1,15,72.2,42.0
Punjab,Ropar,1408,1154,18.0,167.9,19,80.7,34.3
Punjab,Sangrur,1876,1549,17.4,200.7,27,80.0,32.1
Punjab,Tarn Taran,378,320,15.3,204.9,8,81.3,33.7
Rajasthan,Ajmer,1862,1361,26.9,136.7,28,83.3,54.8
Rajasthan,Alwar,2055,1611,21.6,129.2,27,69.3,51.2
Rajasthan,Banswara,1668,1274,23.6,106.3,33,78.1,68.1
Rajasthan,Baran,2364,1770,25.1,130.3,30,71.4,54.6
Rajasthan,Barmer,1127,824,26.8,114.2,13,88.6,63.9
Rajasthan,Bharatpur,1331,1062,20.2,91.0,22,84.5,68.0
Rajasthan,Bhilwara,2947,2428,17.6,128.6,33,80.0,59.3
Rajasthan,Bikaner,1307,1109,15.1,135.5,16,83.2,61.3
Rajasthan,Bundi,1890,1434,24.1,135.5,34,75.5,49.5
Rajasthan,Chittorgarh,1620,1359,16.1,103.8,19,89.1,50.9
Rajasthan,Churu,1404,1015,27.7,100.2,30,89.7,56.2
Rajasthan,Dausa,1785,1347,24.5,112.6,25,86.7,51.4
Rajasthan,Dholpur,1793,1502,16.2,129.0,22,86.5,56.1
Rajasthan,Dungarpur,1312,1022,22.1,104.8,17,84.5,54.2
Rajasthan,G.R.P.,620,491,20.8,102.4,10,85.8,59.5
Rajasthan,Ganganagar,2348,1704,27.4,93.3,27,89.6,69.0
Rajasthan,Hanumangarh,1114,940,15.6,98.0,14,83.6,68.8
Rajasthan,Jaipur,743,552,25.6,93.8,14,89.4,60.9
Rajasthan,Jaisalmer,987,711,27.9,113.8,15,83.2,68.9
Rajasthan,Jalore,1098,847,22.8,106.8,24,68.0,65.8
Rajasthan,Jhalawar,1761,1280,27.3,110.5,25,69.0,55.7
Rajasthan,Jhunjhunu,1635,1337,18.2,108.4,19,81.0,64.4
Rajasthan,Jodhpur,1970,1501,23.8,135.8,26,68.5,64.6
Rajasthan,Karauli,1323,1148,13.2,95.6,23,75.1,53.8
Rajasthan,Kota,1536,1125,26.7,146.0,24,79.8,59.2
Rajasthan,Nagaur,1273,938,26.3,103.8,28,88.7,58.2
Rajasthan,Pali,603,519,13.9,102.2,12,87.4,53.0
Rajasthan,Rajsamand,2341,1753,25.1,98.8,28,91.9,60.2
Rajasthan,Sawai Madhopur,1437,1251,12.9,96.6,30,91.9,60.6
Rajasthan,Sikar,755,559,25.9,108.7,13,89.4,67.9
Rajasthan,Sirohi,2444,1991,18.5,124.9,33,71.0,57.0
Rajasthan,Tonk,1396,1127,19.2,104.8,29,89.2,68.6
Rajasthan,Udaipur,1264,1075,14.9,113.0,25,72.0,60.5
Sikkim,East,1280,1061,17.1,254.9,16,86.1,37.6
Sikkim,North,1148,847,26.2,274.3,23,72.1,41.6
Sikkim,South,1368,1142,16.5,277.4,20,77.2,44.8
Sikkim,West,1999,1511,24.4,299.3,25,72.1,39.5
Tamil Nadu,Ariyalur,801,611,23.6,161.7,11,70.6,62.7
Tamil Nadu,Chengai,625,488,21.8,153.4,9,81.3,64.5
Tamil Nadu,Chennai,2505,1988,20.6,226.2,53,73.1,59.0
Tamil Nadu,Chennai Rly.,2707,2024,25.2,238.8,43,80.9,67.0
Tamil Nadu,Coimbatore Rural,1820,1514,16.8,158.7,23,73.3,57.8
Tamil Nadu,Coimbatore Urban,648,480,25.8,141.9,10,71.5,61.8
Tamil Nadu,Cuddalore,1869,1491,20.2,160.9,29,82.7,61.3
Tamil Nadu,Dharmapuri,510,383,24.8,139.4,9,83.3,58.3
Tamil Nadu,Dindigul,774,607,21.5,120.6,12,71.7,73.6
Tamil Nadu,Erode,877,658,24.9,112.3,13,76.6,57.8
Tamil Nadu,Kanchipuram,904,749,17.1,133.6,20,88.8,73.5
Tamil Nadu,Kanyakumari,888,749,15.6,138.7,11,76.8,76.3
Tamil Nadu,Karur,832,638,23.3,121.2,12,73.5,57.7
Tamil Nadu,Madurai Rural,690,532,22.8,119.2,8,88.1,74.1
Tamil Nadu,Madurai Urban,689,569,17.4,121.3,9,74.2,60.8
Tamil Nadu,Nagapattinam,1512,1212,19.8,152.3,19,71.6,76.6
Tamil Nadu,Namakkal,2878,2391,16.9,144.7,35,91.8,56.4
Tamil Nadu,Nilgiris,1231,1062,13.7,146.2,26,70.3,55.2
Tamil Nadu,Perambalur,1473,1294,12.1,153.8,17,74.8,57.7
Tamil Nadu,Pudukottai,998,847,15.1,142.8,20,72.8,58.0
Tamil Nadu,Ramnathapuram,1361,1060,22.1,125.0,30,80.1,62.9
Tamil Nadu,Salem Rural,710,562,20.8,173.3,14,76.3,54.9
Tamil Nadu,Salem Urban,1270,1066,16.0,127.3,15,68.6,56.1
Tamil Nadu,Sivagangai,612,452,26.1,139.0,11,89.1,68.4
Tamil Nadu,Thanjavur,2227,1625,27.0,159.9,33,76.6,65.3
Tamil Nadu,Theni,1422,1036,27.1,165.1,17,82.0,64.4
Tamil Nadu,Thirunelveli Rural,1251,957,23.5,141.8,16,81.5,59.2
Tamil Nadu,Thirunelveli Urban,1984,1462,26.3,148.0,29,90.9,60.6
Tamil Nadu,Thiruvallur,1479,1229,16.9,161.4,27,82.4,69.6
Tamil Nadu,Thiruvannamalai,2263,1907,15.7,135.2,26,83.6,55.9
Tamil Nadu,Thiruvarur,1768,1375,22.2,169.2,25,68.1,70.8
Tamil Nadu,Thoothugudi,1930,1447,25.0,120.3,30,86.1,72.5
Tamil Nadu,Trichy Rly.,1886,1408,25.3,155.4,23,75.9,69.2
Tamil Nadu,Trichy Rural,1436,1187,17.3,149.8,24,85.7,57.5
Tamil Nadu,Trichy Urban,913,682,25.3,125.5,18,87.1,66.4
Tamil Nadu,Vellore,1420,1118,21.2,139.2,18,88.0,58.5
Tamil Nadu,Villupuram,1366,1009,26.1,144.3,29,81.5,60.0
Tamil Nadu,Virudhunagar,1062,900,15.2,135.9,18,74.1,67.0
Tripura,Dhalai,1123,987,12.1,233.9,13,70.7,35.4
Tripura,North,1505,1250,16.9,220.3,21,70.3,30.8
Tripura,South,1451,1179,18.7,229.9,24,81.0,26.6
Tripura,West,1137,855,24.8,335.0,18,70.9,32.7
Uttar Pradesh,Agra,1351,1044,22.7,91.1,18,75.7,62.8
Uttar Pradesh,Aligarh,775,648,16.3,72.8,11,83.6,62.6
Uttar Pradesh,Allahabad,2192,1714,21.8,71.5,28,88.3,74.8
Uttar Pradesh,Ambedkar Nagar,919,688,25.1,81.3,18,76.2,61.6
Uttar Pradesh,Auraiya,2688,2217,17.5,101.4,30,86.5,79.3
Uttar Pradesh,Azamgarh,682,546,19.8,81.4,8,86.2,79.3
Uttar Pradesh,Badaun,739,649,12.1,82.8,15,77.6,60.0
Uttar Pradesh,Baghpat,2665,2086,21.7,99.9,34,74.0,63.8
Uttar Pradesh,Bahraich,1344,1141,15.1,70.5,23,84.5,83.5
Uttar Pradesh,Ballia,1553,1348,13.2,77.5,19,88.8,74.9
Uttar Pradesh,Balrampur,1546,1185,23.3,86.5,18,82.0,80.8
Uttar Pradesh,Banda,1786,1380,22.7,98.5,27,83.7,67.5
Uttar Pradesh,Barabanki,1089,907,16.7,81.2,15,75.4,79.1
Uttar Pradesh,Bareilly,810,598,26.1,82.1,12,89.2,65.8
Uttar Pradesh,Basti,880,758,13.8,78.5,10,89.7,61.6
Uttar Pradesh,Bijnor,406,296,26.9,73.7,8,70.1,60.1
Uttar Pradesh,Bulandshahar,1660,1235,25.6,91.3,33,79.9,80.2
Uttar Pradesh,Chandoli,1000,834,16.6,85.1,21,77.4,66.0
Uttar Pradesh,Chitrakoot Dham,2147,1736,19.1,74.3,33,79.9,67.6
Uttar Pradesh,Deoria,2078,1662,20.0,93.7,29,76.9,61.5
Uttar Pradesh,Etah,1753,1397,20.3,98.7,34,78.2,70.3
Uttar Pradesh,Etawah,1267,1080,14.7,94.4,24,77.0,83.6
Uttar Pradesh,Faizabad,1869,1392,25.5,77.1,26,81.4,78.4
Uttar Pradesh,Fatehgarh,1809,1391,23.1,87.7,23,91.3,70.0
Uttar Pradesh,Fatehpur,1692,1341,20.7,73.6,27,75.1,63.6
Uttar Pradesh,Firozabad,1000,824,17.6,74.2,19,85.5,61.1
Uttar Pradesh,G.R.P.,424,353,16.7,80.5,8,86.7,77.7
Uttar Pradesh,Gautambudh Nagar,1774,1364,23.1,82.5,21,78.8,69.6
Uttar Pradesh,Ghaziabad,1003,873,12.9,80.3,17,68.4,81.3
Uttar Pradesh,Ghazipur,744,620,16.6,71.4,13,90.7,59.7
Uttar Pradesh,Gonda,1067,881,17.4,96.9,13,83.8,73.7
Uttar Pradesh,Gorakhpur,1559,1267,18.7,83.8,29,68.1,76.1
Uttar Pradesh,Hamirpur,765,611,20.1,101.9,16,72.2,77.4
Uttar Pradesh,Hardoi,1336,1135,15.0,88.4,19,72.9,61.7
Uttar Pradesh,Hathras,2874,2319,19.3,73.0,35,83.4,73.4
Uttar Pradesh,J.P.Nagar,1305,989,24.2,78.4,21,72.5,60.9
Uttar Pradesh,Jalaun,1196,894,25.2,90.9,24,81.2,67.9
Uttar Pradesh,Jaunpur,1520,1281,15.7,79.6,21,80.9,73.7
Uttar Pradesh,Jhansi,1069,869,18.7,76.2,16,87.2,74.2
Uttar Pradesh,Kannauj,2202,1801,18.2,77.9,25,74.8,71.3
Uttar Pradesh,Kanpur Dehat,962,794,17.4,84.4,17,89.3,72.0
Uttar Pradesh,Kanpur Nagar,2300,1754,23.7,81.1,29,77.0,60.9
Uttar Pradesh,Kaushambi,1790,1394,22.1,81.4,28,83.5,67.8
Uttar Pradesh,Khiri,1627,1225,24.7,85.2,19,76.9,61.3
Uttar Pradesh,Kushi Nagar,1431,1183,17.3,82.5,20,74.0,67.1
Uttar Pradesh,Lalitpur,556,415,25.3,92.3,9,83.8,72.6
Uttar Pradesh,Lucknow,1083,803,25.8,74.5,17,73.1,65.1
Uttar Pradesh,Maharajganj,942,728,22.7,103.7,18,70.0,74.4
Uttar Pradesh,Mahoba,2792,2264,18.9,69.6,35,78.0,78.4
Uttar Pradesh,Mainpuri,1331,982,26.2,74.5,20,84.0,79.2
Uttar Pradesh,Mathura,1003,782,22.0,92.8,21,76.1,82.1
Uttar Pradesh,Mau,692,577,16.5,104.3,10,72.9,75.3
Uttar Pradesh,Meerut,1666,1409,15.4,81.0,23,73.4,81.9
Uttar Pradesh,Mirzapur,2462,2124,13.7,80.7,35,92.0,63.1
Uttar Pradesh,Moradabad,708,514,27.4,91.2,12,91.0,62.8
Uttar Pradesh,Muzaffarnagar,832,638,23.3,93.0,13,72.5,68.6
Uttar Pradesh,Pilibhit,1575,1266,19.6,80.7,18,89.6,63.6
Uttar Pradesh,Pratapgarh,409,339,17.0,104.8,8,85.0,60.3
Uttar Pradesh,Raibareilly,1639,1360,17.0,71.7,31,77.0,73.1
Uttar Pradesh,Rampur,643,464,27.7,78.9,9,74.9,82.2
Uttar Pradesh,Saharanpur,1334,1048,21.4,69.5,18,71.3,66.5
Uttar Pradesh,Sant Kabirnagar,1014,779,23.1,79.6,17,91.6,71.6
Uttar Pradesh,Shahjahanpur,1326,1010,23.8,82.2,26,74.6,72.6
Uttar Pradesh,Shrawasti,611,532,12.8,98.9,8,77.0,76.0
Uttar Pradesh,Sidharthnagar,1601,1255,21.6,83.9,26,78.0,73.7
Uttar Pradesh,Sitapur,905,705,22.0,84.3,12,92.0,61.5
Uttar Pradesh,Sonbhadra,1494,1272,14.8,79.8,21,75.2,82.7
Uttar Pradesh,St.Ravidasnagar,1847,1582,14.3,90.4,24,82.6,71.9
Uttar Pradesh,Sultanpur,1232,969,21.3,77.9,23,86.7,78.1
Uttar Pradesh,Unnao,721,540,25.1,104.4,11,89.0,77.8
Uttar Pradesh,Varanasi,932,708,24.0,89.3,17,77.8,67.0
Uttarakhand,Almora,2237,1671,25.3,172.2,28,88.5,57.0
Uttarakhand,Bageshwar,1151,920,20.0,167.9,13,81.4,54.4
Uttarakhand,Chamoli,2372,1722,27.4,208.9,32,73.4,50.9
Uttarakhand,Champawat,1129,876,22.4,165.0,17,84.9,54.5
Uttarakhand,Dehradun,1672,1259,24.7,167.3,21,73.6,58.5
Uttarakhand,Haridwar,2445,2117,13.4,163.3,33,83.5,51.7
Uttarakhand,Nainital,2350,1950,17.0,179.5,33,72.7,49.9
Uttarakhand,Pauri Garhwal,1242,988,20.4,179.9,15,79.9,63.2
Uttarakhand,Pithoragarh,877,748,14.6,187.9,10,75.5,54.0
Uttarakhand,Rudra Prayag,1527,1111,27.2,176.7,23,79.3,47.8
Uttarakhand,Tehri Garhwal,1541,1175,23.7,153.4,22,90.8,63.5
Uttarakhand,Udhamsingh Nagar,717,585,18.4,182.8,9,71.0,60.3
Uttarakhand,Uttarkashi,2026,1483,26.8,158.8,33,87.8,52.8
West Bengal,24 Parganas North,1726,1299,24.7,91.9,32,79.2,11.0
West Bengal,24 Parganas South,1784,1345,24.6,116.2,35,86.8,13.0
West Bengal,Asansol,527,445,15.5,98.1,9,77.9,12.1
West Bengal,Bankura,1031,878,14.8,97.7,13,86.7,13.8
West Bengal,Birbhum,538,407,24.2,87.9,9,79.8,13.3
West Bengal,Burdwan,1660,1311,21.0,95.3,29,90.6,11.5
West Bengal,Coochbehar,1420,1023,27.9,87.3,31,69.1,12.5
West Bengal,Dakshin Dinajpur,2122,1606,24.3,91.4,35,80.3,13.6
West Bengal,Darjeeling,1204,904,24.9,110.5,17,72.5,14.0
West Bengal,Hooghly,1457,1219,16.3,117.2,23,89.5,14.0
West Bengal,Howrah,2540,2062,18.8,117.8,35,73.3,13.3
West Bengal,Howrah City,1987,1520,23.5,91.1,29,81.1,13.3
West Bengal,Howrah G.R.P.,1054,807,23.4,113.6,19,69.9,12.8
West Bengal,Jalpaiguri,1737,1519,12.5,108.3,34,81.7,12.5
West Bengal,Kolkata,2849,2133,25.1,164.8,43,86.6,12.0
West Bengal,Malda,602,461,23.4,92.7,10,82.6,13.5
West Bengal,Midnapur,2263,1812,19.9,116.4,27,70.3,13.0
West Bengal,Murshidabad,1064,932,12.4,91.3,12,82.2,14.4
West Bengal,Nadia,2617,2067,21.0,92.9,30,73.6,13.2
West Bengal,Purulia,1020,811,20.4,107.8,14,83.4,14.5
West Bengal,Sealdah G.R.P.,1809,1568,13.3,82.5,28,90.1,13.3
West Bengal,Siliguri G.R.P.,401,299,25.4,95.8,8,87.6,13.3
West Bengal,Uttar Dinajpur,2029,1657,18.3,95.5,32,80.1,12.5
Andaman & Nicobar Islands,Andaman,507,379,25.1,510.5,11,71.7,47.3
Andaman & Nicobar Islands,Nicobar,992,829,16.4,443.0,13,91.1,40.6
Chandigarh,Chandigarh,764,600,21.4,508.3,10,80.7,51.4
Dadra & Nagar Haveli,D And N Haveli,1035,754,27.1,156.1,19,69.4,35.2
Daman & Diu,Daman,881,774,12.1,169.1,19,86.1,34.2
Daman & Diu,Diu,1681,1274,24.2,207.8,30,83.1,39.9
Delhi,Central,1008,849,15.7,405.5,22,84.9,40.8
Delhi,East,1627,1400,13.9,469.9,29,79.9,36.1
Delhi,G.R.P.(Rly),1578,1341,15.0,378.2,27,79.8,45.9
Delhi,I.G.I. Airport,1358,985,27.4,378.7,16,79.7,36.4
Delhi,New Delhi,2103,1655,21.3,607.5,45,74.5,49.4
Delhi,North,3074,2585,15.9,407.1,35,89.2,36.4
Delhi,North East,767,571,25.5,376.0,16,91.6,49.6
Delhi,North West,1547,1299,16.0,325.9,22,71.9,46.8
Delhi,S.T.F.,702,556,20.7,430.9,11,70.7,41.1
Delhi,South,1200,871,27.4,357.1,17,90.9,40.6
Delhi,South West,1190,1007,15.3,483.9,19,78.1,39.8
Delhi,West,2133,1725,19.1,429.3,25,78.5,44.8
Lakshadweep,Lakshadweep,1995,1504,24.6,393.0,26,89.5,72.2
Puducherry,Pondicherry,2238,1718,23.2,202.5,26,83.4,59.9
Chhattisgarh,Kabirdham,2222,1862,16.2,156.3,29,70.5,41.0
Jammu & Kashmir,Handwara,2001,1524,23.8,365.4,29,89.2,39.0
West Bengal,Kharagpur G.R.P.,579,446,22.9,108.9,9,68.1,11.2
West Bengal,Paschim Midnapur,1670,1412,15.4,105.9,20,82.0,13.7
West Bengal,Purab Midnapur,957,749,21.7,111.9,19,85.0,11.3
Delhi,Spl Cell,1208,974,19.3,348.6,18,69.4,44.0
Andhra Pradesh,Cyberabad,1066,902,15.3,130.8,23,87.5,46.3
Arunachal Pradesh,K/Kumey,1467,1145,21.9,252.3,23,85.4,33.3
Arunachal Pradesh,Upper Dibang Valley,774,647,16.4,189.1,13,88.1,29.9
Chhattisgarh,Narayanpur,2976,2285,23.2,221.7,35,91.2,43.9
Kerala,Ernakulam Commr.,5300,4255,19.7,204.6,74,69.6,74.3
Kerala,Ernakulam Rural,2675,2209,17.4,153.6,32,72.1,88.0
Kerala,Kozhikode Commr.,1448,1149,20.6,238.4,29,82.6,78.2
Kerala,Kozhikode Rural,2184,1834,16.0,131.2,30,71.3,74.9
Kerala,Trivandrum Commr.,1765,1339,24.1,227.9,28,82.1,88.0
Kerala,Trivandrum Rural,556,447,19.5,109.6,9,85.1,77.7
Madhya Pradesh,Anuppur,1527,1210,20.7,129.3,27,71.0,46.1
Madhya Pradesh,Ashok Nagar,1346,1136,15.6,124.2,26,91.4,58.9
Madhya Pradesh,Burhanpur,1363,1138,16.5,143.2,18,83.0,46.5
Tamil Nadu,Krishnagiri,1664,1392,16.3,143.6,31,87.7,72.4
Assam,Baska,2445,2044,16.4,168.2,32,74.4,15.7
Assam,Chirang,2145,1780,17.0,176.6,33,77.9,16.7
Assam,Udalguri,1267,1023,19.2,163.5,26,86.6,14.5
Chhattisgarh,Surajpur,594,506,14.7,168.6,9,81.6,49.8
Haryana,Mewat,1944,1568,19.3,144.6,24,88.5,35.6
Punjab,Ferozpur,1957,1618,17.3,214.0,23,85.3,31.3
Tamil Nadu,Viluppuram,484,389,19.5,152.6,9,82.3,68.4
Delhi,Igi Airport,1138,933,18.0,411.7,14,91.1,40.7
Delhi,North-East,2145,1831,14.6,476.2,27,89.3,40.7
Delhi,North-West,1934,1694,12.4,458.7,34,76.8,48.3
Delhi,South-West,1097,896,18.3,374.1,24,71.0,45.2
Andhra Pradesh,Vijayawada City,2084,1508,27.6,101.3,30,79.7,49.9
Haryana,Palwal,1582,1233,22.0,150.7,34,80.2,41.1
Jammu & Kashmir,Border District,1397,1070,23.4,316.9,19,89.3,40.0
Maharashtra,Mumbai Commr.,4693,3904,16.8,257.5,85,81.0,64.8
Manipur,Imphal East,2148,1589,26.0,292.9,27,74.3,19.2
Manipur,Imphal West,1580,1211,23.3,338.0,28,81.4,23.1
Punjab,Sas Ngr,921,777,15.6,193.8,17,68.4,38.7
Rajasthan,Jaipur East,519,442,14.8,111.1,9,73.9,57.4
Rajasthan,Jaipur North,785,638,18.7,111.5,10,88.6,62.1
Rajasthan,Jaipur Rural,1229,938,23.6,118.3,27,73.6,64.9
Rajasthan,Jaipur South,794,595,25.0,101.6,15,68.4,57.9
Rajasthan,Jodhpur City,848,623,26.5,113.7,14,74.3,65.6
Rajasthan,Jodhpur Rural,727,561,22.7,114.8,11,90.4,50.1
Rajasthan,Kota City,1651,1226,25.7,109.3,19,75.5,57.9
Rajasthan,Kota Rural,1395,1050,24.7,104.1,24,72.8,58.2
Delhi,Grp(Rly),1020,851,16.5,400.7,14,78.5,40.6
Delhi,Stf,2448,1880,23.2,403.0,30,78.2,41.1
Puducherry,Karaikal,691,536,22.3,255.4,14,69.1,68.6
Jharkhand,Khunti,1455,1185,18.5,136.4,21,76.0,43.8
Jharkhand,Ramgarh,2719,2379,12.5,135.0,31,70.6,33.2
Nagaland,Longleng,942,729,22.6,421.3,19,71.9,46.0
Punjab,Amritsar Rural,2038,1665,18.3,241.1,26,73.9,31.4
Andaman & Nicobar Islands,A And N Islands,1008,731,27.4,438.4,22,78.2,45.9
Delhi,Outer,1984,1591,19.8,380.5,35,87.1,50.3
Gujarat,Tapi,1585,1155,27.1,125.3,25,79.5,31.9
Jammu & Kashmir,Bandipora,886,738,16.6,393.1,14,80.4,40.2
Jammu & Kashmir,Kishtwar,2735,2177,20.4,284.9,31,82.9,42.3
Jammu & Kashmir,Samba,2391,2008,16.0,369.5,33,85.7,41.0
Jammu & Kashmir,Shopian,843,669,20.6,319.4,18,89.4,41.9
Karnataka,Cbpura,1814,1498,17.4,120.0,31,83.0,42.1
Karnataka,Ramanagar,1344,1176,12.5,123.5,16,87.5,49.5
Madhya Pradesh,Alirajpur,1242,1004,19.1,105.2,18,78.2,54.1
Madhya Pradesh,Singrauli,472,394,16.5,133.5,8,71.5,49.8
Manipur,Cid,1513,1269,16.1,329.8,27,78.9,19.6
Odisha,Dcp Bbsr,1207,1050,13.0,121.0,21,70.9,20.1
Odisha,Dcp Ctc,2361,1709,27.6,105.6,29,68.1,18.7
Punjab,Ludhiana Rural,1967,1546,21.4,193.9,29,79.2,39.7
Punjab,Sbs Nagar,635,476,24.9,203.8,8,72.2,33.0
Rajasthan,Pratapgarh,617,447,27.4,115.4,11,68.8,52.3
Tamil Nadu,Chennaisuburban,2491,2025,18.7,207.0,53,84.6,58.6
Uttar Pradesh,Kanshiram Nagar,1576,1289,18.2,74.6,23,75.4,79.9
Delhi,Caw,1286,959,25.4,414.5,24,87.5,36.7
Delhi,Crime Branch,1589,1196,24.7,448.4,28,82.1,44.9
Delhi,Eow,1831,1382,24.5,397.5,22,75.9,48.4
Delhi,South-East,1238,916,26.0,410.1,25,76.3,39.5
Puducherry,Puducherry,1435,1166,18.7,252.4,24,91.6,52.1
Arunachal Pradesh,Anjaw,749,614,18.0,170.8,10,76.7,33.9
Himachal Pradesh,Baddipolicedist,500,374,25.2,177.4,8,77.3,29.4
Himachal Pradesh,Cid,1842,1547,16.0,164.7,31,68.6,38.5
Jammu & Kashmir,Railways Kmr,865,649,24.9,324.0,12,73.1,48.4
Tamil Nadu,Tiruppur,1078,927,14.0,131.3,19,81.9,55.7
Andhra Pradesh,Guntur Urban,1176,976,17.0,127.4,18,86.0,46.9
Andhra Pradesh,Rajahmundry,1637,1327,18.9,118.7,32,71.4,56.9
Andhra Pradesh,Tirupathi Urban,1239,1046,15.5,124.5,19,91.8,57.0
Andhra Pradesh,Warangal Urban,763,576,24.4,127.9,9,85.1,53.1
Arunachal Pradesh,Rural,1864,1342,28.0,203.9,25,70.6,32.6
Gujarat,Cid Crime,573,432,24.6,120.9,11,69.0,39.4
Jammu & Kashmir,Crime Kashmir,2287,1948,14.8,311.9,33,88.3,52.8
Jammu & Kashmir,Sopore,2085,1642,21.2,287.4,28,87.5,47.1
Karnataka,Yadgiri,1896,1484,21.7,159.9,32,84.4,41.8
Punjab,Cp Amritsar,1540,1309,15.0,171.6,19,74.5,35.0
Punjab,Cp Jalandhar,2789,2273,18.5,185.0,35,72.3,33.3
Punjab,Cp Ludhiana,1723,1366,20.7,221.7,29,78.2,38.0
Punjab,Jalandhar Rural,801,652,18.6,200.1,15,75.2,40.6
Rajasthan,G.R.P. Ajmer,713,584,18.0,129.5,12,83.9,59.1
Rajasthan,G.R.P. Jodhpur,830,683,17.7,99.6,16,77.3,62.3
Tripura,G.R.P.,2100,1600,23.8,252.5,28,79.0,29.4
Uttar Pradesh,Csm Nagar,1451,1168,19.5,94.0,31,77.3,71.9
Uttar Pradesh,Ramabai Nagar,2107,1725,18.1,79.0,30,79.5,78.5
Chhattisgarh,Gariyaband,593,462,22.0,184.4,8,89.3,43.6
Gujarat,Kutch (East(G)),1607,1308,18.6,132.3,28,88.9,39.1
Gujarat,Kutch (West-Bhuj),2495,2145,14.0,134.8,32,91.2,37.4
Gujarat,W.Rly Ahmedabad,963,718,25.4,133.3,12,85.7,36.3
Gujarat,W.Rly Vadodara,1516,1302,14.1,137.3,24,86.0,34.4
Jammu & Kashmir,Railways Jammu,2244,1781,20.6,371.7,31,90.8,51.5
Jammu & Kashmir,Railways Kashmir,2776,2231,19.6,384.0,33,86.3,38.6
Karnataka,Mangalore City,620,476,23.2,135.4,13,69.7,51.3
Kerala,Kollam Commr.,3396,2798,17.6,228.3,47,81.3,88.0
Kerala,Kollam Rural,839,608,27.5,135.4,14,90.8,88.0
Kerala,Thrissur Commr.,4133,3380,18.2,239.4,46,76.6,86.6
Kerala,Thrissur Rural,844,665,21.1,142.4,18,71.3,85.6
Punjab,Fazilka,2020,1577,21.9,231.2,35,77.6,32.0
Punjab,Pathankot,1400,1187,15.2,173.8,21,80.1,41.3
Rajasthan,G.R.P.Ajmer,765,594,22.3,129.7,14,85.8,62.2
Rajasthan,G.R.P.Jodhpur,1428,1106,22.5,125.1,25,86.4,53.7
Rajasthan,Jaipur West,1985,1528,23.0,103.0,29,84.6,60.3
Tripura,Grp,629,518,17.5,261.2,11,83.8,33.2
Uttar Pradesh,Bhim Nagar,1886,1508,20.0,79.2,35,77.8,62.5
Uttar Pradesh,Panchshil Nagar,860,656,23.7,85.0,18,75.3,65.6
Uttar Pradesh,Prabuddh Nagar,2604,1885,27.6,99.3,34,87.7,76.7
Assam,Baksa,1183,945,20.1,161.3,17,70.7,14.2
Assam,Bieo,1339,993,25.8,180.6,25,82.5,15.6
Assam,Hamren,1741,1326,23.8,135.2,21,82.3,13.7
Chhattisgarh,Balod,2774,2271,18.1,215.9,31,68.7,56.5
Chhattisgarh,Baloda Bazar,1607,1340,16.6,189.8,18,83.0,47.5
Chhattisgarh,Bemetara,1140,826,27.5,167.4,20,76.6,48.8
Chhattisgarh,Kondagaon,2547,2009,21.1,169.8,34,90.7,48.2
Chhattisgarh,Mungeli,746,607,18.5,180.9,15,90.4,47.4
Chhattisgarh,Sukma,669,508,24.0,178.0,11,70.1,45.6
Haryana,Ambala Rural,720,560,22.1,165.8,11,89.1,38.6
Haryana,Ambala Urban,1052,856,18.6,164.0,19,77.8,35.7
Jammu & Kashmir,Railways Katra,981,711,27.5,377.1,19,74.9,52.0
Rajasthan,Jodhpur East,1959,1653,15.6,107.5,28,82.6,63.9
Rajasthan,Jodhpur West,1082,836,22.7,114.1,23,81.3,55.6
Tripura,Gomati,1673,1286,23.1,232.8,24,81.4,26.8
Tripura,Khowai,2508,1976,21.2,259.5,30,76.4,32.7
Tripura,Sipahijala,721,560,22.3,264.0,10,74.3,29.1
Tripura,Unakoti,1464,1278,12.7,284.2,17,88.0,34.5
West Bengal,Bdn Cp,1545,1234,20.1,94.2,33,73.7,12.0
West Bengal,Bkp Cp,1241,1085,12.5,106.9,27,79.8,14.5
West Bengal,Jhargram,1468,1121,23.6,108.1,25,74.8,11.0
West Bengal,Siliguri_Pc,1552,1195,23.0,103.4,18,71.5,11.9
Andaman & Nicobar Islands,Car,1475,1261,14.5,385.0,31,68.6,45.8
Andaman & Nicobar Islands,North,1151,893,22.4,404.3,24,80.6,48.5
Andaman & Nicobar Islands,South,1669,1452,13.0,425.7,24,73.9,53.1
Arunachal Pradesh,Longding,1203,884,26.5,201.4,22,78.8,32.6
Assam,Stf,796,626,21.3,148.7,9,74.6,15.9
Haryana,I&P Haryana,963,704,26.8,169.8,15,74.3,38.6
Madhya Pradesh,Agar,2112,1710,19.0,111.4,26,68.7,55.5
Meghalaya,Garo Hills North,449,371,17.3,239.4,9,74.8,17.4
Meghalaya,Garo Hills South W.,571,462,19.0,224.5,9,79.7,16.7
Meghalaya,Jaintia Hills East,2147,1861,13.3,237.3,25,74.3,18.4
Meghalaya,Jaintia Hills West,1503,1122,25.3,250.8,24,73.3,15.8
Meghalaya,Khasi Hills South W.,2340,1806,22.8,222.1,34,82.2,16.7
Mizoram,Spl Narcotic,2486,1911,23.1,400.6,31,75.8,67.9
Mizoram,Traffic Ps,1956,1715,12.3,487.8,23,75.5,72.7
Rajasthan,Discom,1227,1057,13.8,94.2,23,74.1,69.4
Uttar Pradesh,Amethi,708,538,24.0,89.0,12,80.8,66.4
Uttar Pradesh,Amroha,1340,1130,15.6,88.5,15,81.0,72.1
Uttar Pradesh,Hapur,637,533,16.3,89.5,10,82.0,71.4
Uttar Pradesh,Kasganj,1011,807,20.1,82.9,16,80.0,70.3
Uttar Pradesh,Sambhal,581,445,23.4,104.0,9,77.5,63.1
Uttar Pradesh,Shamli,637,491,22.9,73.7,9,77.0,77.5
Dadra & Nagar Haveli,D&N Haveli,1576,1200,23.8,149.9,30,71.6,37.8
Delhi,Metro Rail,1538,1314,14.5,371.3,26,82.7,36.4
Andhra Pradesh,Guntakal Railway,1393,1168,16.1,139.4,19,87.9,44.8
Andhra Pradesh,Vijayawada Railway,2482,2069,16.6,128.1,29,91.1,57.6
Arunachal Pradesh,Crime Branch,1645,1312,20.2,219.6,34,83.1,32.7
Arunachal Pradesh,Kukung Kumey,548,416,24.0,226.3,10,72.4,29.6
Arunachal Pradesh,Lower Dibang Valley,1510,1097,27.3,225.0,19,81.5,38.4
Arunachal Pradesh,Papum Pare City,1004,744,25.8,168.7,13,77.6,34.1
Arunachal Pradesh,Papum Pare Rural,499,398,20.1,220.0,10,87.3,29.5
Assam,G. R. P.,619,450,27.3,149.2,10,72.6,18.5
Assam,N. C. Hills,1225,1074,12.3,149.9,18,74.5,14.1
Bihar,Jamalpur Railway,1487,1124,24.4,74.4,22,80.9,38.5
Bihar,Katihar Railway,1488,1191,19.9,74.1,30,81.4,37.9
Bihar,Muzaffarpur Railway,1812,1355,25.2,78.0,21,76.2,41.5
Bihar,Patna Railway,3054,2586,15.3,79.2,34,82.7,41.3
Bihar,Economic Offences Unit,1223,971,20.6,81.5,15,90.2,36.2
Bihar,Anti Terrorist Squad,2389,2042,14.5,90.1,27,81.4,34.0
Chhattisgarh,Balodbazar,1563,1144,26.8,199.9,29,82.7,43.5
Chhattisgarh,Bemetra,1302,1135,12.8,174.9,16,75.4,48.0
Chhattisgarh,G. R. P. Raipur,556,414,25.4,189.4,10,86.4,45.0
Chhattisgarh,Mungali,1662,1231,25.9,202.5,19,79.4,50.1
Goa,C. I. D.,1284,932,27.4,311.3,27,75.6,24.5
Gujarat,Ahmedabad City,982,791,19.4,150.3,15,69.7,41.1
Gujarat,Arvalli,769,561,27.0,161.9,16,70.8,43.5
Gujarat,Banaskantha,807,677,16.1,137.9,12,77.6,32.7
Gujarat,Botad,2199,1873,14.8,149.6,34,80.7,42.4
Gujarat,Chhotaudepur,1836,1569,14.5,125.5,28,80.4,37.5
Gujarat,C. I. D. Crime,1356,1113,17.9,147.4,16,81.0,32.8
Gujarat,Dang,1809,1539,14.9,125.0,35,77.3,33.1
Gujarat,Devbhumi Dwarka,791,616,22.0,126.6,10,80.5,35.8
Gujarat,Gir Somnath,810,660,18.5,122.3,10,80.0,39.7
Gujarat,Kachchh East(G),1103,816,26.0,131.9,15,89.0,43.1
Gujarat,Kachchh West(B),1116,854,23.4,111.9,15,75.2,33.2
Gujarat,Kheda,1344,1049,21.9,143.6,17,80.1,40.9
Gujarat,Mahisagar,1951,1474,24.4,139.8,28,79.7,42.0
Gujarat,Morbi,677,542,19.9,158.6,15,88.1,33.9
Gujarat,Rajkot City,1698,1358,20.0,147.6,30,76.8,39.3
Gujarat,Sabarkantha,1154,890,22.8,113.2,15,81.4,36.8
Gujarat,Surat City,1996,1487,25.5,139.6,30,92.0,34.1
Gujarat,Vadodara City,732,545,25.5,131.2,10,87.9,42.1
Gujarat,W.Rly  Ahmedabad,2050,1635,20.2,128.8,27,72.0,41.5
Haryana,Ambala (Rural),687,502,26.9,164.9,9,89.7,39.1
Haryana,Ambala (Urban),1964,1651,15.9,169.4,24,75.4,42.1
Haryana,G. R. P.,930,711,23.5,179.6,17,86.3,47.8
Haryana,Mahendergarh,753,637,15.4,145.7,16,72.5,47.4
Haryana,Irrigation & Power,1862,1476,20.7,152.8,28,90.4,41.3
Himachal Pradesh,Baddi,790,679,14.0,162.5,14,85.1,29.0
Himachal Pradesh,C. I. D.,779,655,15.8,217.8,9,72.2,34.2
Himachal Pradesh,G. R. P.,2353,1710,27.3,181.8,31,74.5,36.9
Himachal Pradesh,Lahaul & Spiti,1151,963,16.3,168.4,13,88.2,30.3
Jharkhand,Dhanbad Railway,1414,1107,21.7,143.1,16,79.7,41.6
Jharkhand,Jamshedpur Railway,1851,1445,21.9,134.7,35,78.7,36.2
Karnataka,Bengaluru City,1381,1108,19.7,138.0,22,82.6,50.9
Karnataka,Bengaluru District,1760,1496,15.0,115.3,23,82.0,48.6
Karnataka,Belagavi District,1650,1359,17.6,159.7,21,84.7,49.8
Karnataka,Ballari,898,745,17.0,122.3,18,71.9,40.2
Karnataka,Vijayapura,2443,1981,18.9,139.0,31,72.1,46.9
Karnataka,Chikkaballapura,1578,1221,22.6,162.4,29,90.3,52.0
Karnataka,Chikkamagaluru,1360,1146,15.7,150.4,30,78.5,43.8
Karnataka,Dakshina Kannada,1958,1658,15.3,128.1,24,73.0,43.4
Karnataka,Dharwad,610,473,22.3,132.6,8,80.6,46.0
Karnataka,Kalaburgi,1121,823,26.5,158.9,15,82.2,48.4
Karnataka,Hubballi Dharwad City,1574,1238,21.3,115.1,31,88.9,49.0
Karnataka,Mangaluru City,1106,895,19.0,131.0,18,71.7,40.9
Karnataka,Mysuru City,1215,914,24.7,113.4,17,71.5,40.8
Karnataka,Mysuru District,993,854,13.9,119.7,17,86.3,40.8
Karnataka,K.Railways,640,546,14.6,128.8,8,74.3,51.7
Karnataka,Tumakuru,856,739,13.6,112.8,10,69.3,43.2
Karnataka,Uttara Kannada,2324,1712,26.3,124.9,31,83.5,52.4
Karnataka,Belagavi City,527,442,16.0,127.0,9,80.5,44.7
Kerala,Crime Branch,2487,1800,27.6,144.0,28,73.6,88.0
Madhya Pradesh,Bhopal Railway,868,710,18.2,122.9,18,80.0,53.6
Madhya Pradesh,Datia,1590,1399,12.0,131.2,27,74.0,52.0
Madhya Pradesh,Indore Railway,710,515,27.4,126.2,8,86.1,59.6
Madhya Pradesh,Jabalpur Railway,1018,877,13.8,121.5,13,69.2,63.8
Madhya Pradesh,Khargone,1765,1466,16.9,126.3,20,86.8,51.0
Madhya Pradesh,Sehore,1362,994,27.0,125.2,19,77.6,55.3
Madhya Pradesh,Umaria,1165,965,17.1,109.9,22,73.4,53.7
Madhya Pradesh,Cyber Cell,1617,1220,24.5,98.2,22,76.2,50.3
Maharashtra,Mumbai Railway,3004,2316,22.9,229.8,63,82.7,63.2
Maharashtra,Nagpur Railway,2514,1988,20.9,139.9,34,91.7,66.5
Maharashtra,Palghar,1636,1200,26.6,147.6,30,73.2,51.8
Maharashtra,Pune Railway,7466,6450,13.6,223.8,92,90.2,67.3
Manipur,C. I. D.,694,505,27.2,387.8,14,77.3,20.1
Meghalaya,Garo Hills South West,1324,1008,23.8,310.1,15,77.0,16.8
Meghalaya,Khasi Hills South West,390,325,16.6,270.2,8,70.7,21.3
Mizoram,Spl Traffic,1954,1678,14.1,417.2,22,71.4,80.9
Odisha,Malkangiri,1590,1283,19.3,104.7,29,76.5,16.2
Odisha,Nabarangpur,2604,2189,15.9,125.6,34,81.4,18.2
Odisha,Srp (Cuttack),1932,1518,21.4,97.5,33,88.5,17.4
Odisha,Srp (Rourkela),805,673,16.3,116.5,11,72.1,18.4
Punjab,Bathinda,2106,1754,16.7,179.7,26,85.0,32.9
Punjab,G. R. P.,1604,1177,26.6,230.7,35,85.9,31.8
Punjab,Sas Nagar,1084,850,21.5,176.4,15,82.6,37.0
Rajasthan,Praapgarh,724,617,14.7,110.4,13,73.0,50.4
Sikkim,Cid,1345,1007,25.1,284.2,24,84.9,37.6
Tamil Nadu,Coimbatore,1594,1268,20.4,124.4,23,82.0,62.6
Tamil Nadu,Coimbatore City,518,382,26.2,149.9,10,82.1,74.1
Tamil Nadu,Madurai,597,472,20.9,130.2,12,69.9,74.5
Tamil Nadu,Madurai City,1257,1006,19.9,150.3,19,91.0,56.8
Tamil Nadu,Railway Chennai,4141,3461,16.4,210.3,60,82.8,62.3
Tamil Nadu,Railway Trichy,757,616,18.6,133.8,10,85.4,71.2
Tamil Nadu,Salem,1837,1609,12.4,167.8,24,80.3,58.6
Tamil Nadu,Salem City,1501,1109,26.1,148.3,18,79.3,63.5
Tamil Nadu,Thirunelveli,920,803,12.7,137.2,14,77.7,69.9
Tamil Nadu,Thirunelveli City,2265,1839,18.8,175.6,29,85.9,57.1
Tamil Nadu,Tiruppur City,771,638,17.2,159.9,13,88.8,59.3
Tamil Nadu,Trichy,2198,1918,12.7,162.3,31,91.6,55.1
Tamil Nadu,Trichy City,859,726,15.4,132.6,14,83.1,62.9
Tamil Nadu,Cyber Cell,1573,1178,25.1,129.3,29,84.9,58.8
Tamil Nadu,Other Units,1011,885,12.4,131.4,17,69.3,62.9
Telangana,Adilabad,1091,934,14.3,137.0,14,72.1,51.8
Telangana,Cyberabad,1442,1227,14.9,140.9,21,83.2,47.1
Telangana,Hyderabad City,3820,3197,16.3,228.1,56,82.5,58.3
Telangana,Karimnagar,853,643,24.6,139.4,15,85.3,57.9
Telangana,Khammam,1173,1004,14.4,144.3,17,84.4,56.6
Telangana,Mahaboob Nagar,1100,871,20.8,162.9,20,81.7,45.3
Telangana,Medak,694,576,16.9,102.4,13,88.0,53.3
Telangana,Nalgonda,686,499,27.2,134.9,11,81.5,44.8
Telangana,Nizamabad,652,560,14.1,124.6,8,89.0,46.4
Telangana,Ranga Reddy,2253,1978,12.2,146.7,29,84.4,55.3
Telangana,Secunderabad Railway,871,701,19.5,139.8,18,88.2,59.1
Telangana,Warangal,709,534,24.6,143.0,13,85.5,49.2
Telangana,Warangal Urban,1296,1049,19.0,125.4,28,81.5,54.8
Tripura,G. R. P.,526,452,13.9,270.3,8,91.2,35.2
Tripura,Kowai,2927,2496,14.7,276.7,35,87.0,31.0
Uttar Pradesh,Chitrakoot,1843,1610,12.6,105.0,31,86.1,74.1
Uttar Pradesh,G. R. P.,1331,1051,21.0,81.8,23,87.0,60.4
West Bengal,North 24 Parganas,2810,2082,25.9,106.7,32,73.1,14.6
West Bengal,South 24 Parganas,1224,1077,12.0,111.7,14,91.7,12.0
West Bengal,Alipurduar,888,747,15.8,97.3,12,73.2,13.1
West Bengal,Asansol-Durgapur Pc,1387,1163,16.1,118.0,23,82.8,11.0
West Bengal,Barrackpur Pc,2048,1771,13.5,103.4,25,82.2,15.2
West Bengal,Bidhannagar Pc,951,801,15.7,110.6,13,79.1,14.7
West Bengal,Howrah G. R. P.,2223,1667,25.0,82.8,31,89.2,14.6
West Bengal,Howrah Pc,1222,981,19.7,90.8,21,86.5,12.8
West Bengal,Howrah Rural,2192,1801,17.8,102.9,26,85.3,12.5
West Bengal,Jhargram Police District,555,413,25.5,91.1,10,80.7,12.3
West Bengal,Kharagpur G. R. P.,1793,1472,17.9,119.3,23,89.8,14.6
West Bengal,Paschim Medinipur,900,732,18.6,97.5,17,76.9,10.9
West Bengal,Purab Medinipur,1688,1446,14.3,93.6,22,76.8,11.9
West Bengal,Sealdah G. R. P.,1161,942,18.8,113.5,13,81.1,14.7
West Bengal,Siliguri G. R. P.,1792,1562,12.8,79.5,20,72.3,11.9
West Bengal,Siliguri Pc,2429,2120,12.7,117.6,30,71.2,12.2
Andaman & Nicobar Islands,South Andaman,2338,1828,21.8,432.8,32,80.5,41.5
Andaman & Nicobar Islands,North & Middle Andaman,1234,982,20.4,367.7,23,86.6,43.5
Delhi,Metro,879,710,19.2,356.4,17,87.9,44.2
Delhi,Railway,1946,1646,15.4,423.0,26,80.5,36.9
Delhi,Spuwac,1907,1586,16.8,370.2,29,91.8,47.0
Delhi,Vigilance,887,725,18.2,364.6,15,83.5,44.0
